0x13d9da1746190112c7bba5bb9bf1383ea356f6138cdc8981e7cd6c22ac17c815,0x0000000000000000000000000000000000000000000000000000000000000005,0x5a6f6d61536572696573416c706861000000000000000000000000000000001e
0x13d9da1746190112c7bba5bb9bf1383ea356f6138cdc8981e7cd6c22ac17c815,0x0000000000000000000000000000000000000000000000000000000000000006,0x5a43410000000000000000000000000000000000000000000000000000000006
0x13d9da1746190112c7bba5bb9bf1383ea356f6138cdc8981e7cd6c22ac17c815,0x000000000000000000000000000000000000000000000000000000000000000c,0x000000000000000000000000ba62d15b292e21e59c7bb802d1172412a0184603
0x13d9da1746190112c7bba5bb9bf1383ea356f6138cdc8981e7cd6c22ac17c815,0x000000000000000000000000000000000000000000000000000000000000000e,0x00000000000000000000000000000000000000000000000000000000000000b9
0x13d9da1746190112c7bba5bb9bf1383ea356f6138cdc8981e7cd6c22ac17c815,0x000000000000000000000000000000000000000000000000000000000000000f,0x0000000000000000000000000000000000000000000000000000000000002710
0x13d9da1746190112c7bba5bb9bf1383ea356f6138cdc8981e7cd6c22ac17c815,0x67be87c3ff9960ca1e9cfac5cab2ff4747269cf9ed20c9b7306235ac35a491c5,0x0000000000000000000000000000000000000000000000000000000000000001
0x13d9da1746190112c7bba5bb9bf1383ea356f6138cdc8981e7cd6c22ac17c815,0x77b7bbe0e49b76487c9476b5db3354cf5270619d0037ccb899c2a4c4a75b4318,0x0000000000000000000000000000000000000000000000000000000000000001
0x13d9da1746190112c7bba5bb9bf1383ea356f6138cdc8981e7cd6c22ac17c815,0x9562381dfbc2d8b8b66e765249f330164b73e329e5f01670660643571d1974df,0x0000000000000000000000000000000000000000000000000000000000000001
0x13d9da1746190112c7bba5bb9bf1383ea356f6138cdc8981e7cd6c22ac17c815,0xbb7b4a454dc3493923482f07822329ed19e8244eff582cc204f8554c3620c3fd,0x68747470733a2f2f73746f726167652e676f6f676c65617069732e636f6d2f73
0x13d9da1746190112c7bba5bb9bf1383ea356f6138cdc8981e7cd6c22ac17c815,0xbb7b4a454dc3493923482f07822329ed19e8244eff582cc204f8554c3620c3fe,0x746167696e672d6d657461646174612d6f6b6a61746563682d636f6d2f696e74
0x13d9da1746190112c7bba5bb9bf1383ea356f6138cdc8981e7cd6c22ac17c815,0xbb7b4a454dc3493923482f07822329ed19e8244eff582cc204f8554c3620c3ff,0x6567726174696f6e2d746573742d70756e6b732f6d6574616461746100000000
0x13d9da1746190112c7bba5bb9bf1383ea356f6138cdc8981e7cd6c22ac17c815,0xf7815fccbf112960a73756e185887fedcb9fc64ca0a16cc5923b7960ed780800,0x0000000000000000000000000000000000000000000000000000000000000001
0x13d9da1746190112c7bba5bb9bf1383ea356f6138cdc8981e7cd6c22ac17c815,0xfda011bb0550458520b58c1b44fb4f56e2ac0766235c839f5f518d6cdcd9fde7,0x0000000000000000000000000000000000000000000000000000000000000001
0x7c9cf6ad22e9b71b087496b9ca19e52c24eaa75c13cb1f7e2de63270f6f46c75,0x0000000000000000000000000000000000000000000000000000000000000009,0x000000000000000000000000000000000000000000000000000000000000000a
0x7c9cf6ad22e9b71b087496b9ca19e52c24eaa75c13cb1f7e2de63270f6f46c75,0x013594aba9ff84e1789eb02254471696fa7af778b76840a6b0031833f2649765,0x0000000000000000000000000000000000000000000000000000000000000008
0x7c9cf6ad22e9b71b087496b9ca19e52c24eaa75c13cb1f7e2de63270f6f46c75,0x10d9dd018e4cae503383c9f804c1c1603ada5856ee7894375d9b97cd8c8b27db,0x0000000000000000000000000000000000000000000000000000000000000006
0x7c9cf6ad22e9b71b087496b9ca19e52c24eaa75c13cb1f7e2de63270f6f46c75,0x10ded0004cf2cf3fb6b01cfed685014c2bd8da370b607b0a0d1b7a0ce5f77a4a,0x0000000000000000000000000000000000000000000000000000000000000001
0x7c9cf6ad22e9b71b087496b9ca19e52c24eaa75c13cb1f7e2de63270f6f46c75,0x22046edf633cc98824b43c44ab37f283da1d9bbc583f0710775582a2145b0ec7,0x0000000000000000000000000000000000000000000000000000000000000001
0x7c9cf6ad22e9b71b087496b9ca19e52c24eaa75c13cb1f7e2de63270f6f46c75,0x22e39f61d1e4986b4f116cea9067f62cc77d74dff1780ae9c8b5166d1dd28829,0x0000000000000000000000000000000000000000000000000000000000000007
0x7c9cf6ad22e9b71b087496b9ca19e52c24eaa75c13cb1f7e2de63270f6f46c75,0x2c1fd36ba11b13b555f58753742999069764391f450ca8727fe8a3eeffe67775,0x0000000000000000000000000000000000000000000000000000000000000008
0x7c9cf6ad22e9b71b087496b9ca19e52c24eaa75c13cb1f7e2de63270f6f46c75,0x2f7adc9ab9698a4a2e015708ee7368224b7e805a924b75eff9888b6ca9d8e912,0x0000000000000000000000000000000000000000000000000000000000000001
0x7c9cf6ad22e9b71b087496b9ca19e52c24eaa75c13cb1f7e2de63270f6f46c75,0x312477dcb338ab3a5e3234bbccda2cca7975f95411e416bc6188b69a107c473f,0x0000000000000000000000000000000000000000000000000000000000000001
0x7c9cf6ad22e9b71b087496b9ca19e52c24eaa75c13cb1f7e2de63270f6f46c75,0x38be322c5fa45a2ed04f09f74f0c33059dc2a27aa9ebceb7bcbbebc1d867c8d0,0x0000000000000000000000000000000000000000000000000000000000000001
0x7c9cf6ad22e9b71b087496b9ca19e52c24eaa75c13cb1f7e2de63270f6f46c75,0x3a66b622022212d25c3024609530fda2e2b471db5962cf7fc8f61023db81ddda,0x0000000000000000000000000000000000000000000000000000000000000001
0x7c9cf6ad22e9b71b087496b9ca19e52c24eaa75c13cb1f7e2de63270f6f46c75,0x4d50effdfae9c899dc108668c74f86296313261e394be6b97e0f485baf57a121,0x0000000000000000000000000000000000000000000000000000000000000009
0x7c9cf6ad22e9b71b087496b9ca19e52c24eaa75c13cb1f7e2de63270f6f46c75,0x4db623e5c4870b62d3fc9b4e8f893a1a77627d75ab45d9ff7e56ba19564af99b,0x00000000000000000000000029b1391c417728ca51f91e40dd5093f2a1442096
0x7c9cf6ad22e9b71b087496b9ca19e52c24eaa75c13cb1f7e2de63270f6f46c75,0x4e074eb1b6b7b5411d35ed894572d3c9a90b0ec64eb730f658032023663fcc68,0x0000000000000000000000000000000000000000000000000000000000000003
0x7c9cf6ad22e9b71b087496b9ca19e52c24eaa75c13cb1f7e2de63270f6f46c75,0x538e245d906b2856f0cca94210ef633216bbafce5bc753e70ec9b156a7ea5789,0x0000000000000000000000000000000000000000000000000000000000000002
0x7c9cf6ad22e9b71b087496b9ca19e52c24eaa75c13cb1f7e2de63270f6f46c75,0x595b5eb3de913e654ee6d4944e9045933bd90fa6ff3d0f8eb4a72a022239dd13,0x0000000000000000000000000000000000000000000000000000000000000001
0x7c9cf6ad22e9b71b087496b9ca19e52c24eaa75c13cb1f7e2de63270f6f46c75,0x5a1aec45f6e4f8e2ca4ac2677c2191e0d7db565d99240b86ca7f3b10ef594e35,0x0000000000000000000000000000000000000000000000000000000000000001
0x7c9cf6ad22e9b71b087496b9ca19e52c24eaa75c13cb1f7e2de63270f6f46c75,0x6740672247af81df67bcdb6683dd6762fb609318a49b751e1fdd2de9605b1656,0x0000000000000000000000000000000000000000000000000000000000000001
0x7c9cf6ad22e9b71b087496b9ca19e52c24eaa75c13cb1f7e2de63270f6f46c75,0x6b9656c15afbe85c2035790c3a1079d1bb2c9eb6382753f96e5f2d5f9930cf6f,0x0000000000000000000000000000000000000000000000000000000000000001
0x7c9cf6ad22e9b71b087496b9ca19e52c24eaa75c13cb1f7e2de63270f6f46c75,0x6ca6a2295128ba033fcb698d72a7a43007aed419e3955c39cd7823ecdb7ee223,0x0000000000000000000000000000000000000000000000000000000000000001
0x7c9cf6ad22e9b71b087496b9ca19e52c24eaa75c13cb1f7e2de63270f6f46c75,0x6e1540171b6c0c960b71a7020d9f60077f6af931a8bbf590da0223dacf75c7b0,0x0000000000000000000000000000000000000000000000000000000000000001
0x7c9cf6ad22e9b71b087496b9ca19e52c24eaa75c13cb1f7e2de63270f6f46c75,0x6e1540171b6c0c960b71a7020d9f60077f6af931a8bbf590da0223dacf75c7b1,0x0000000000000000000000000000000000000000000000000000000000000002
0x7c9cf6ad22e9b71b087496b9ca19e52c24eaa75c13cb1f7e2de63270f6f46c75,0x6e1540171b6c0c960b71a7020d9f60077f6af931a8bbf590da0223dacf75c7b2,0x0000000000000000000000000000000000000000000000000000000000000003
0x7c9cf6ad22e9b71b087496b9ca19e52c24eaa75c13cb1f7e2de63270f6f46c75,0x6e1540171b6c0c960b71a7020d9f60077f6af931a8bbf590da0223dacf75c7b3,0x0000000000000000000000000000000000000000000000000000000000000004
0x7c9cf6ad22e9b71b087496b9ca19e52c24eaa75c13cb1f7e2de63270f6f46c75,0x6e1540171b6c0c960b71a7020d9f60077f6af931a8bbf590da0223dacf75c7b4,0x0000000000000000000000000000000000000000000000000000000000000005
0x7c9cf6ad22e9b71b087496b9ca19e52c24eaa75c13cb1f7e2de63270f6f46c75,0x6e1540171b6c0c960b71a7020d9f60077f6af931a8bbf590da0223dacf75c7b5,0x0000000000000000000000000000000000000000000000000000000000000006
0x7c9cf6ad22e9b71b087496b9ca19e52c24eaa75c13cb1f7e2de63270f6f46c75,0x6e1540171b6c0c960b71a7020d9f60077f6af931a8bbf590da0223dacf75c7b6,0x0000000000000000000000000000000000000000000000000000000000000007
0x7c9cf6ad22e9b71b087496b9ca19e52c24eaa75c13cb1f7e2de63270f6f46c75,0x6e1540171b6c0c960b71a7020d9f60077f6af931a8bbf590da0223dacf75c7b7,0x0000000000000000000000000000000000000000000000000000000000000008
0x7c9cf6ad22e9b71b087496b9ca19e52c24eaa75c13cb1f7e2de63270f6f46c75,0x6e1540171b6c0c960b71a7020d9f60077f6af931a8bbf590da0223dacf75c7b8,0x0000000000000000000000000000000000000000000000000000000000000009
0x7c9cf6ad22e9b71b087496b9ca19e52c24eaa75c13cb1f7e2de63270f6f46c75,0x6e7552126a5368beb2d3093f72e1ef30448c0674c5587089053f62793bb93d79,0x0000000000000000000000000000000000000000000000000000000000000006
0x7c9cf6ad22e9b71b087496b9ca19e52c24eaa75c13cb1f7e2de63270f6f46c75,0x74a5fbcb419ab7dbacbb2c92a4e163730f0da5c72b911deecf4f05a6b327d0a4,0x0000000000000000000000001f4a14f164ec8939508a65b7098bf1ccde0975a2
0x7c9cf6ad22e9b71b087496b9ca19e52c24eaa75c13cb1f7e2de63270f6f46c75,0x786e57d19657134cf45418ffb1fd8f50708b71b612653ffa9ed93a2420f5b27e,0x0000000000000000000000000000000000000000000000000000000000000001
0x7c9cf6ad22e9b71b087496b9ca19e52c24eaa75c13cb1f7e2de63270f6f46c75,0x7935e453e92797a3ab26e92028c963ed94ff6e2be3f56e0b1af075d285658bb1,0x0000000000000000000000000000000000000000000000000000000000000001
0x7c9cf6ad22e9b71b087496b9ca19e52c24eaa75c13cb1f7e2de63270f6f46c75,0x7dfe757ecd65cbd7922a9c0161e935dd7fdbcc0e999689c7d31633896b1fc60b,0x0000000000000000000000002f2f8e3f492da54b6fac16dbda05b71a8d2a6266
0x7c9cf6ad22e9b71b087496b9ca19e52c24eaa75c13cb1f7e2de63270f6f46c75,0x825eb4cda6b8b44578c55770496c59e6dc3cf2235f690bcdaf51a61898ceb284,0x0000000000000000000000000000000000000000000000000000000000000009
0x7c9cf6ad22e9b71b087496b9ca19e52c24eaa75c13cb1f7e2de63270f6f46c75,0x883d832a063b2cbb5b12999befec7063653d7d8e01ba2b2cbcab3b9456e5f6f9,0x0000000000000000000000000000000000000000000000000000000000000001
0x7c9cf6ad22e9b71b087496b9ca19e52c24eaa75c13cb1f7e2de63270f6f46c75,0x8f331abe73332f95a25873e8b430885974c0409691f89d643119a11623a7924a,0x000000000000000000000000e00baec7bbad36a090646b75a637f185f25d9534
0x7c9cf6ad22e9b71b087496b9ca19e52c24eaa75c13cb1f7e2de63270f6f46c75,0x919b982773b7f67f01388192d08e206f45ca287934216235e40bd02a60cad184,0x0000000000000000000000000000000000000000000000000000000000000001
0x7c9cf6ad22e9b71b087496b9ca19e52c24eaa75c13cb1f7e2de63270f6f46c75,0xa6eef7e35abe7026729641147f7915573c7e97b47efa546f5f6e3230263bcb49,0x0000000000000000000000008e1348bf0a283b21f9e2b48f110e839af899756f
0x7c9cf6ad22e9b71b087496b9ca19e52c24eaa75c13cb1f7e2de63270f6f46c75,0xa856840544dc26124927add067d799967eac11be13e14d82cc281ea46fa39759,0x0000000000000000000000000000000000000000000000000000000000000003
0x7c9cf6ad22e9b71b087496b9ca19e52c24eaa75c13cb1f7e2de63270f6f46c75,0xaa3d998ad8256010fa8e760d08404d7fd2aa36709bad843b2ef74ca143c13307,0x0000000000000000000000000000000000000000000000000000000000000001
0x7c9cf6ad22e9b71b087496b9ca19e52c24eaa75c13cb1f7e2de63270f6f46c75,0xb1e5a7276e78f964db1e94608af6d5ec1691a78623937f28c781ba2aa7c3c11c,0x0000000000000000000000000000000000000000000000000000000000000004
0x7c9cf6ad22e9b71b087496b9ca19e52c24eaa75c13cb1f7e2de63270f6f46c75,0xbbc70db1b6c7afd11e79c0fb0051300458f1a3acb8ee9789d9b6b26c61ad9bc7,0x0000000000000000000000000000000000000000000000000000000000000001
0x7c9cf6ad22e9b71b087496b9ca19e52c24eaa75c13cb1f7e2de63270f6f46c75,0xbef169ecad397304e3cdfda8ad42cb4691d070538f201d87007a39af8619bd28,0x0000000000000000000000000000000000000000000000000000000000000001
0x7c9cf6ad22e9b71b087496b9ca19e52c24eaa75c13cb1f7e2de63270f6f46c75,0xbff4442b8ed600beeb8e26b1279a0f0d14c6edfaec26d968ee13c86f7d4c2ba8,0x0000000000000000000000000000000000000000000000000000000000000002
0x7c9cf6ad22e9b71b087496b9ca19e52c24eaa75c13cb1f7e2de63270f6f46c75,0xcb70145cbbec5d029b39c188ebffdaecba9b2b9dcfd7a91a1266d2cf07a39f42,0x0000000000000000000000000000000000000000000000000000000000000001
0x7c9cf6ad22e9b71b087496b9ca19e52c24eaa75c13cb1f7e2de63270f6f46c75,0xcc69885fda6bcc1a4ace058b4a62bf5e179ea78fd58a1ccd71c22cc9b688792f,0x00000000000000000000000019739912fc7917250204f968cfd838744c501a70
0x7c9cf6ad22e9b71b087496b9ca19e52c24eaa75c13cb1f7e2de63270f6f46c75,0xd9a99a40e67c36de4869feaffed6200b44eb79dbc23c88b22bd02d1860411b30,0x0000000000000000000000000000000000000000000000000000000000000001
0x7c9cf6ad22e9b71b087496b9ca19e52c24eaa75c13cb1f7e2de63270f6f46c75,0xd9d16d34ffb15ba3a3d852f0d403e2ce1d691fb54de27ac87cd2f993f3ec330f,0x000000000000000000000000b1e6c25c3d2a44b65b940bdcea41e16798a5c1d8
0x7c9cf6ad22e9b71b087496b9ca19e52c24eaa75c13cb1f7e2de63270f6f46c75,0xdc686ec4a0ff239c70e7c7c36e8f853eced3bc8618f48d2b816da2a74311237e,0x00000000000000000000000036d53e21da36ebf4ec91e1c5e79571743b8806ae
0x7c9cf6ad22e9b71b087496b9ca19e52c24eaa75c13cb1f7e2de63270f6f46c75,0xe1eb2b2161a492c07c5a334e48012567cba93ec021043f53c1955516a3c5a841,0x0000000000000000000000000000000000000000000000000000000000000004
0x7c9cf6ad22e9b71b087496b9ca19e52c24eaa75c13cb1f7e2de63270f6f46c75,0xe2689cd4a84e23ad2f564004f1c9013e9589d260bde6380aba3ca7e09e4df40c,0x0000000000000000000000009b18226b073eb0f31b3c0d040352d6cab2b4c9fa
0x7c9cf6ad22e9b71b087496b9ca19e52c24eaa75c13cb1f7e2de63270f6f46c75,0xe9fd59849b1d04261e7567a53222a02031b5458b84459df90dad16ebf6def82e,0x0000000000000000000000000000000000000000000000000000000000000005
0x7c9cf6ad22e9b71b087496b9ca19e52c24eaa75c13cb1f7e2de63270f6f46c75,0xedb821c05a6e645d3cad1233ac8a34e4753e6fc65b5eaf54e2277a47014f38be,0x0000000000000000000000000000000000000000000000000000000000000007
0x7c9cf6ad22e9b71b087496b9ca19e52c24eaa75c13cb1f7e2de63270f6f46c75,0xedc95719e9a3b28dd8e80877cb5880a9be7de1a13fc8b05e7999683b6b567643,0x0000000000000000000000000d61d866fc46693460f6d059cf06e2ff9181db2c
0x7c9cf6ad22e9b71b087496b9ca19e52c24eaa75c13cb1f7e2de63270f6f46c75,0xf35035bc2b01d44bd35a1dcdc552315cffb73da35cfd60570b7b777f98036f9f,0x0000000000000000000000000000000000000000000000000000000000000005
0x7c9cf6ad22e9b71b087496b9ca19e52c24eaa75c13cb1f7e2de63270f6f46c75,0xfc73f60813b92a6b8e293bd4f067acdc049959bd07e7dea46edaa7954e6a0c44,0x0000000000000000000000000000000000000000000000000000000000000001
0x7c9cf6ad22e9b71b087496b9ca19e52c24eaa75c13cb1f7e2de63270f6f46c75,0xffc76e080c209d9b35bab3d7ffd9ce0bd6f85bfd50f8db06da42325eb87a52b3,0x0000000000000000000000000000000000000000000000000000000000000001
0x7b56913af7622c37ae36486fb4292b7c06c5fa0fb436f306eb350ce09b0073d3,0x718f2fcb673db866ea0721b4582cf74b9f4836a345a76e6aceab8aadedace77d,0x0000000000000000000000000000000000000000000000000000000000000001
0x7b56913af7622c37ae36486fb4292b7c06c5fa0fb436f306eb350ce09b0073d3,0x786e57d19657134cf45418ffb1fd8f50708b71b612653ffa9ed93a2420f5b27e,0x0000000000000000000000000000000000000000000000000000000000000000
0x7b56913af7622c37ae36486fb4292b7c06c5fa0fb436f306eb350ce09b0073d3,0xa0a05829d2b2b96bcbb37fe0df8ca5a76848abb6cd342aa934c0b09bcb0395ac,0x0000000000000000000000000000000000000000000000000000000000000001
0x7b56913af7622c37ae36486fb4292b7c06c5fa0fb436f306eb350ce09b0073d3,0xa6eef7e35abe7026729641147f7915573c7e97b47efa546f5f6e3230263bcb49,0x000000000000000000000000ea345e5c35d5fec74a3ef77e96dbf36e50318d2c
0x7b56913af7622c37ae36486fb4292b7c06c5fa0fb436f306eb350ce09b0073d3,0xcb70145cbbec5d029b39c188ebffdaecba9b2b9dcfd7a91a1266d2cf07a39f42,0x0000000000000000000000000000000000000000000000000000000000000000
0x5f1d16972017bea08e32aca91f65081ddd89fb7e7633736828303aae81216cd8,0x0278331f72dc8907fbe5cb64a5a821c3981345d126ec3f1f9116f0e1c2c73a34,0x0000000000000000000000000000000000000000000000000000000000000001
0x5f1d16972017bea08e32aca91f65081ddd89fb7e7633736828303aae81216cd8,0x27bf73733b08ed205790e9689cff051d39460490923561d01ec4a5029d3356f9,0x0000000000000000000000000000000000000000000000000000000000000001
0x5f1d16972017bea08e32aca91f65081ddd89fb7e7633736828303aae81216cd8,0x38be322c5fa45a2ed04f09f74f0c33059dc2a27aa9ebceb7bcbbebc1d867c8d0,0x0000000000000000000000000000000000000000000000000000000000000000
0x5f1d16972017bea08e32aca91f65081ddd89fb7e7633736828303aae81216cd8,0x39a50aedfa0d05666622f08c30a548970d9752c94e3f135ca83f30d556e1c751,0x0000000000000000000000000000000000000000000000000000000000000001
0x5f1d16972017bea08e32aca91f65081ddd89fb7e7633736828303aae81216cd8,0x6b9656c15afbe85c2035790c3a1079d1bb2c9eb6382753f96e5f2d5f9930cf6f,0x0000000000000000000000000000000000000000000000000000000000000000
0x5f1d16972017bea08e32aca91f65081ddd89fb7e7633736828303aae81216cd8,0x883d832a063b2cbb5b12999befec7063653d7d8e01ba2b2cbcab3b9456e5f6f9,0x0000000000000000000000000000000000000000000000000000000000000000
0x5f1d16972017bea08e32aca91f65081ddd89fb7e7633736828303aae81216cd8,0xcc69885fda6bcc1a4ace058b4a62bf5e179ea78fd58a1ccd71c22cc9b688792f,0x000000000000000000000000cc683f476241efc23fcab6e950d5314b165b1a88