0xf3eba7e7d6f0c67706c93b2e192cb602cc8acf6b7fa92cd15d12769c8481547a,0x0000000000000000000000000000000000000000000000000000000000000005,0x566f6c63612054657374204e465400000000000000000000000000000000001c
0xf3eba7e7d6f0c67706c93b2e192cb602cc8acf6b7fa92cd15d12769c8481547a,0x0000000000000000000000000000000000000000000000000000000000000006,0x56544e465400000000000000000000000000000000000000000000000000000a
0xf3eba7e7d6f0c67706c93b2e192cb602cc8acf6b7fa92cd15d12769c8481547a,0x0000000000000000000000000000000000000000000000000000000000000008,0x0000000000000000000000006c0f58ad4eb24da5769412bf34ddee698c4d185b
0xf3eba7e7d6f0c67706c93b2e192cb602cc8acf6b7fa92cd15d12769c8481547a,0x67be87c3ff9960ca1e9cfac5cab2ff4747269cf9ed20c9b7306235ac35a491c5,0x0000000000000000000000000000000000000000000000000000000000000001
0xf3eba7e7d6f0c67706c93b2e192cb602cc8acf6b7fa92cd15d12769c8481547a,0x9562381dfbc2d8b8b66e765249f330164b73e329e5f01670660643571d1974df,0x0000000000000000000000000000000000000000000000000000000000000001
0xf3eba7e7d6f0c67706c93b2e192cb602cc8acf6b7fa92cd15d12769c8481547a,0xf7815fccbf112960a73756e185887fedcb9fc64ca0a16cc5923b7960ed780800,0x0000000000000000000000000000000000000000000000000000000000000001
0xd3c09a3ab33e3d01159cdd76db19857617dc537e9eb21d791e84ae64ec5b669e,0xcaadb6cdf046011952675cd99a7da31c2f93a1fad5d42eaa25a0c4daa7caab56,0x0000000000000000000000000000000000000000000000000000000000000001
0xd3c09a3ab33e3d01159cdd76db19857617dc537e9eb21d791e84ae64ec5b669e,0xcc69885fda6bcc1a4ace058b4a62bf5e179ea78fd58a1ccd71c22cc9b688792f,0x0000000000000000000000006c0f58ad4eb24da5769412bf34ddee698c4d185b
0x85319d80d3c3376010ca2daba1c280a526d91592979e67fe6e939b1edc9ea9d3,0x3324f84bff3d01acf2580c8e7d08dfe699b66fb1289911ea1fc3ac03a4bdabfd,0x0000000000000000000000000000000000000000000000000000000000000001
0xd0f1865b475288f3203452c6189fee1ed5db162cb9e25e793af3ac95e8346cc7,0xcaadb6cdf046011952675cd99a7da31c2f93a1fad5d42eaa25a0c4daa7caab56,0x0000000000000000000000000000000000000000000000000000000000000002
0xd0f1865b475288f3203452c6189fee1ed5db162cb9e25e793af3ac95e8346cc7,0xd9d16d34ffb15ba3a3d852f0d403e2ce1d691fb54de27ac87cd2f993f3ec330f,0x0000000000000000000000006c0f58ad4eb24da5769412bf34ddee698c4d185b
0xdbc3fa62e156d30c38fbcc9b7b0c419e3d580556d5430d720904448422f60f41,0x7dfe757ecd65cbd7922a9c0161e935dd7fdbcc0e999689c7d31633896b1fc60b,0x0000000000000000000000006c0f58ad4eb24da5769412bf34ddee698c4d185b
0xdbc3fa62e156d30c38fbcc9b7b0c419e3d580556d5430d720904448422f60f41,0xcaadb6cdf046011952675cd99a7da31c2f93a1fad5d42eaa25a0c4daa7caab56,0x0000000000000000000000000000000000000000000000000000000000000003