0xdb8a3ae6ddaa96954338aa7db697e70c2cbd760ae662e404e037deb04649a762,0x0000000000000000000000000000000000000000000000000000000000000002,0x0000000000000000000000000000000000000000000000000000000000000006
0xdb8a3ae6ddaa96954338aa7db697e70c2cbd760ae662e404e037deb04649a762,0x0000000000000000000000000000000000000000000000000000000000000006,0x43726170626f780000000000000000000000000000000000000000000000000e
0xdb8a3ae6ddaa96954338aa7db697e70c2cbd760ae662e404e037deb04649a762,0x0000000000000000000000000000000000000000000000000000000000000007,0x244352415000000000000000000000000000000000000000000000000000000a
0xdb8a3ae6ddaa96954338aa7db697e70c2cbd760ae662e404e037deb04649a762,0x0000000000000000000000000000000000000000000000000000000000000009,0x687474703a2f2f3130342e3139382e3138382e38342f637261702f0000000036
0xdb8a3ae6ddaa96954338aa7db697e70c2cbd760ae662e404e037deb04649a762,0x0c887d26738f4c0bd60624758616cbc58866959201821e21af209e7c154e86b4,0x0000000000000000000000000000000000000000000000000000000000000006
0xdb8a3ae6ddaa96954338aa7db697e70c2cbd760ae662e404e037deb04649a762,0x160e4aff2e8f17892736f180f5d85472b6168775d305d940a81bf05b2ba75e6d,0x0000000000000000000000000000000000000000000000000000000000000001
0xdb8a3ae6ddaa96954338aa7db697e70c2cbd760ae662e404e037deb04649a762,0x1700abde87a96980c877866c4a82f95287459a6b57e82532eed376d16997790d,0x0000000000000000000000000000000000000000000000000000000000000004
0xdb8a3ae6ddaa96954338aa7db697e70c2cbd760ae662e404e037deb04649a762,0x3617319a054d772f909f7c479a2cebe5066e836a939412e32403c99029b92eff,0x0000000000000000000000000000000000000000000000000000000000000001
0xdb8a3ae6ddaa96954338aa7db697e70c2cbd760ae662e404e037deb04649a762,0x405787fa12a823e0f2b7631cc41b3ba8828b3321ca811111fa75cd3aa3bb5acf,0x00000000000000000000000067fad0de5b2c0f510933aa84e5f66b73e367db08
0xdb8a3ae6ddaa96954338aa7db697e70c2cbd760ae662e404e037deb04649a762,0x405787fa12a823e0f2b7631cc41b3ba8828b3321ca811111fa75cd3aa3bb5ad0,0x0000000000000000000000000000000000000000000000000000000000000001
0xdb8a3ae6ddaa96954338aa7db697e70c2cbd760ae662e404e037deb04649a762,0x405787fa12a823e0f2b7631cc41b3ba8828b3321ca811111fa75cd3aa3bb5ad1,0x00000000000000000000000067fad0de5b2c0f510933aa84e5f66b73e367db08
0xdb8a3ae6ddaa96954338aa7db697e70c2cbd760ae662e404e037deb04649a762,0x405787fa12a823e0f2b7631cc41b3ba8828b3321ca811111fa75cd3aa3bb5ad2,0x0000000000000000000000000000000000000000000000000000000000000002
0xdb8a3ae6ddaa96954338aa7db697e70c2cbd760ae662e404e037deb04649a762,0x405787fa12a823e0f2b7631cc41b3ba8828b3321ca811111fa75cd3aa3bb5ad3,0x00000000000000000000000067fad0de5b2c0f510933aa84e5f66b73e367db08
0xdb8a3ae6ddaa96954338aa7db697e70c2cbd760ae662e404e037deb04649a762,0x405787fa12a823e0f2b7631cc41b3ba8828b3321ca811111fa75cd3aa3bb5ad4,0x0000000000000000000000000000000000000000000000000000000000000003
0xdb8a3ae6ddaa96954338aa7db697e70c2cbd760ae662e404e037deb04649a762,0x405787fa12a823e0f2b7631cc41b3ba8828b3321ca811111fa75cd3aa3bb5ad5,0x00000000000000000000000067fad0de5b2c0f510933aa84e5f66b73e367db08
0xdb8a3ae6ddaa96954338aa7db697e70c2cbd760ae662e404e037deb04649a762,0x405787fa12a823e0f2b7631cc41b3ba8828b3321ca811111fa75cd3aa3bb5ad6,0x0000000000000000000000000000000000000000000000000000000000000004
0xdb8a3ae6ddaa96954338aa7db697e70c2cbd760ae662e404e037deb04649a762,0x405787fa12a823e0f2b7631cc41b3ba8828b3321ca811111fa75cd3aa3bb5ad7,0x00000000000000000000000067fad0de5b2c0f510933aa84e5f66b73e367db08
0xdb8a3ae6ddaa96954338aa7db697e70c2cbd760ae662e404e037deb04649a762,0x405787fa12a823e0f2b7631cc41b3ba8828b3321ca811111fa75cd3aa3bb5ad8,0x0000000000000000000000000000000000000000000000000000000000000005
0xdb8a3ae6ddaa96954338aa7db697e70c2cbd760ae662e404e037deb04649a762,0x405787fa12a823e0f2b7631cc41b3ba8828b3321ca811111fa75cd3aa3bb5ad9,0x00000000000000000000000067fad0de5b2c0f510933aa84e5f66b73e367db08
0xdb8a3ae6ddaa96954338aa7db697e70c2cbd760ae662e404e037deb04649a762,0x405aad32e1adbac89bb7f176e338b8fc6e994ca210c9bb7bdca249b465942250,0x0000000000000000000000000000000000000000000000000000000000000006
0xdb8a3ae6ddaa96954338aa7db697e70c2cbd760ae662e404e037deb04649a762,0x5eff886ea0ce6ca488a3d6e336d6c0f75f46d19b42c06ce5ee98e42c96d256c7,0x6d657461646174612f3000000000000000000000000000000000000000000014
0xdb8a3ae6ddaa96954338aa7db697e70c2cbd760ae662e404e037deb04649a762,0x625b35f5e76f098dd7c3a05b10e2e5e78a4a01228d60c3b143426cdf36d26455,0x6d657461646174612f3300000000000000000000000000000000000000000014
0xdb8a3ae6ddaa96954338aa7db697e70c2cbd760ae662e404e037deb04649a762,0x67be87c3ff9960ca1e9cfac5cab2ff4747269cf9ed20c9b7306235ac35a491c5,0x0000000000000000000000000000000000000000000000000000000000000001
0xdb8a3ae6ddaa96954338aa7db697e70c2cbd760ae662e404e037deb04649a762,0x6add646517a5b0f6793cd5891b7937d28a5b2981a5d88ebc7cd776088fea9041,0x6d657461646174612f3200000000000000000000000000000000000000000014
0xdb8a3ae6ddaa96954338aa7db697e70c2cbd760ae662e404e037deb04649a762,0x77b7bbe0e49b76487c9476b5db3354cf5270619d0037ccb899c2a4c4a75b4318,0x0000000000000000000000000000000000000000000000000000000000000001
0xdb8a3ae6ddaa96954338aa7db697e70c2cbd760ae662e404e037deb04649a762,0x83ec6a1f0257b830b5e016457c9cf1435391bf56cc98f369a58a54fe93772465,0x0000000000000000000000000000000000000000000000000000000000000005
0xdb8a3ae6ddaa96954338aa7db697e70c2cbd760ae662e404e037deb04649a762,0x90dfbc62481eeffe0edb85e5bca0c6b850a4c9c3b922274c898b837dc6597d2f,0x0000000000000000000000000000000000000000000000000000000000000002
0xdb8a3ae6ddaa96954338aa7db697e70c2cbd760ae662e404e037deb04649a762,0x91238f30f286c9a1c6e901c4eda3b214c381c846e3dbe48df95c21488e8e1fdb,0x6d657461646174612f3500000000000000000000000000000000000000000014
0xdb8a3ae6ddaa96954338aa7db697e70c2cbd760ae662e404e037deb04649a762,0x9321edea6e3be4df59a344b401fab4f888b556fda1f954244cff9204bad624b8,0x6d657461646174612f3400000000000000000000000000000000000000000014
0xdb8a3ae6ddaa96954338aa7db697e70c2cbd760ae662e404e037deb04649a762,0x9562381dfbc2d8b8b66e765249f330164b73e329e5f01670660643571d1974df,0x0000000000000000000000000000000000000000000000000000000000000001
0xdb8a3ae6ddaa96954338aa7db697e70c2cbd760ae662e404e037deb04649a762,0x9779790806c7017986ecfc15b0826a6ea4502449686bbbf92628cac90daaf0fb,0x0000000000000000000000000000000000000000000000000000000000000005
0xdb8a3ae6ddaa96954338aa7db697e70c2cbd760ae662e404e037deb04649a762,0x9a32b4a986b86c50a726d96ed381b270d2b2954d70a3645dcc733dbebd55b766,0x0000000000000000000000000000000000000000000000000000000000000003
0xdb8a3ae6ddaa96954338aa7db697e70c2cbd760ae662e404e037deb04649a762,0xa15bc60c955c405d20d9149c709e2460f1c2d9a497496a7f46004d1772c3054c,0x0000000000000000000000000000000000000000000000000000000000000002
0xdb8a3ae6ddaa96954338aa7db697e70c2cbd760ae662e404e037deb04649a762,0xad67d757c34507f157cacfa2e3153e9f260a2244f30428821be7be64587ac55f,0x6d657461646174612f3100000000000000000000000000000000000000000014
0xdb8a3ae6ddaa96954338aa7db697e70c2cbd760ae662e404e037deb04649a762,0xb56e031c2ca12060983470e9fade1e4e584707c1a359b076da9ada30e3624818,0x0000000000000000000000000000000000000000000000000000000000000001
0xdb8a3ae6ddaa96954338aa7db697e70c2cbd760ae662e404e037deb04649a762,0xb56e031c2ca12060983470e9fade1e4e584707c1a359b076da9ada30e3624819,0x0000000000000000000000000000000000000000000000000000000000000002
0xdb8a3ae6ddaa96954338aa7db697e70c2cbd760ae662e404e037deb04649a762,0xb56e031c2ca12060983470e9fade1e4e584707c1a359b076da9ada30e362481a,0x0000000000000000000000000000000000000000000000000000000000000003
0xdb8a3ae6ddaa96954338aa7db697e70c2cbd760ae662e404e037deb04649a762,0xb56e031c2ca12060983470e9fade1e4e584707c1a359b076da9ada30e362481b,0x0000000000000000000000000000000000000000000000000000000000000004
0xdb8a3ae6ddaa96954338aa7db697e70c2cbd760ae662e404e037deb04649a762,0xb56e031c2ca12060983470e9fade1e4e584707c1a359b076da9ada30e362481c,0x0000000000000000000000000000000000000000000000000000000000000005
0xdb8a3ae6ddaa96954338aa7db697e70c2cbd760ae662e404e037deb04649a762,0xc3a24b0501bd2c13a7e57f2db4369ec4c223447539fc0724a9d55ac4a06ebd4d,0x0000000000000000000000000000000000000000000000000000000000000003
0xdb8a3ae6ddaa96954338aa7db697e70c2cbd760ae662e404e037deb04649a762,0xcbc4e5fb02c3d1de23a9f1e014b4d2ee5aeaea9505df5e855c9210bf472495af,0x0000000000000000000000000000000000000000000000000000000000000004
0xdb8a3ae6ddaa96954338aa7db697e70c2cbd760ae662e404e037deb04649a762,0xe392c5fea20e8ad2ba5352df35b229a9ee7b8e2e587ba6b200168cd594cbaa32,0x0000000000000000000000000000000000000000000000000000000000000006
0xdb8a3ae6ddaa96954338aa7db697e70c2cbd760ae662e404e037deb04649a762,0xf7815fccbf112960a73756e185887fedcb9fc64ca0a16cc5923b7960ed780800,0x0000000000000000000000000000000000000000000000000000000000000001