0x37089747cab58a620e93b00e1247b65d2fffd81bb725069c2fe43526863f6879,0x0000000000000000000000000000000000000000000000000000000000000007,0x0000000000000000000000000000000000000000000000000000000000000009
0x37089747cab58a620e93b00e1247b65d2fffd81bb725069c2fe43526863f6879,0x0000000000000000000000000000000000000000000000000000000000000009,0x000000000000000000000000000000000000000000000000000000000000005b
0x37089747cab58a620e93b00e1247b65d2fffd81bb725069c2fe43526863f6879,0x000000000000000000000000000000000000000000000000000000000000000a,0xe382ace382b9e383880000000000000000000000000000000000000000000012
0x37089747cab58a620e93b00e1247b65d2fffd81bb725069c2fe43526863f6879,0x0000000000000000000000000000000000000000000000000000000000000011,0x000000000000000000000000e35b827177398d8d2fba304d9cf53bc8fc1573b7
0x37089747cab58a620e93b00e1247b65d2fffd81bb725069c2fe43526863f6879,0x13acf3fc7bed94759963f076d5d3443d88732026bffc8253bdf4a6e65f21ecc5,0x0000000000000000000000000000000000000000000000000000000000000005
0x37089747cab58a620e93b00e1247b65d2fffd81bb725069c2fe43526863f6879,0x24cd397636bedc6cf9b490d0edd57c769c19b367fb7d5c2344ae1ddc7d21c144,0x0000000000000000000000000000000000000000000000000000000000000006
0x37089747cab58a620e93b00e1247b65d2fffd81bb725069c2fe43526863f6879,0x36a2d8dc5ccc3b384b07fd3348768d4c02d780e0cabfebde3ab8c83ef02f7d3c,0x0000000000000000000000000000000000000000000000000000000000000005
0x37089747cab58a620e93b00e1247b65d2fffd81bb725069c2fe43526863f6879,0x4ced6d0d36392b04cc5d8761b1327b3bbba6e1089c77f60a9a9ca18e05e4f00e,0x0000000000000000000000000000000000000000000000000000000000000003
0x37089747cab58a620e93b00e1247b65d2fffd81bb725069c2fe43526863f6879,0x4db623e5c4870b62d3fc9b4e8f893a1a77627d75ab45d9ff7e56ba19564af99b,0x000000000000000000000000e3eee18a530acc43d2f30946a5ff7e6eb9732f10
0x37089747cab58a620e93b00e1247b65d2fffd81bb725069c2fe43526863f6879,0x625b35f5e76f098dd7c3a05b10e2e5e78a4a01228d60c3b143426cdf36d26455,0x0000000000000000000000000000000000000000000000000000000000000002
0x37089747cab58a620e93b00e1247b65d2fffd81bb725069c2fe43526863f6879,0x67be87c3ff9960ca1e9cfac5cab2ff4747269cf9ed20c9b7306235ac35a491c5,0x0000000000000000000000000000000000000000000000000000000000000001
0x37089747cab58a620e93b00e1247b65d2fffd81bb725069c2fe43526863f6879,0x697b2bd7bb2984c4e0dc14c79c987d37818484a62958b9c45a0e8b962f20650f,0x0000000000000000000000000000000000000000000000000000000000000002
0x37089747cab58a620e93b00e1247b65d2fffd81bb725069c2fe43526863f6879,0x6add646517a5b0f6793cd5891b7937d28a5b2981a5d88ebc7cd776088fea9041,0x0000000000000000000000000000000000000000000000000000000000000001
0x37089747cab58a620e93b00e1247b65d2fffd81bb725069c2fe43526863f6879,0x6e1540171b6c0c960b71a7020d9f60077f6af931a8bbf590da0223dacf75c7af,0xe382ace382b9e4bba3e3818ce5ae89e3818fe381aae381a3e3819fe8a898e5bf
0x37089747cab58a620e93b00e1247b65d2fffd81bb725069c2fe43526863f6879,0x6e1540171b6c0c960b71a7020d9f60077f6af931a8bbf590da0223dacf75c7b0,0xb5e38388e383bce382afe383b300000000000000000000000000000000000000
0x37089747cab58a620e93b00e1247b65d2fffd81bb725069c2fe43526863f6879,0x73ce5e7662fd4a41058826f008d70ec83769e0f2e950228d5c41189d63d6ea77,0x0000000000000000000000000000000000000000000000000000000000000004
0x37089747cab58a620e93b00e1247b65d2fffd81bb725069c2fe43526863f6879,0x74a5fbcb419ab7dbacbb2c92a4e163730f0da5c72b911deecf4f05a6b327d0a4,0x000000000000000000000000e3eee18a530acc43d2f30946a5ff7e6eb9732f10
0x37089747cab58a620e93b00e1247b65d2fffd81bb725069c2fe43526863f6879,0x75f96ab15d697e93042dc45b5c896c4b27e89bb6eaf39475c5c371cb2513f7d2,0x0000000000000000000000000000000000000000000000000000000000000001
0x37089747cab58a620e93b00e1247b65d2fffd81bb725069c2fe43526863f6879,0x77b7bbe0e49b76487c9476b5db3354cf5270619d0037ccb899c2a4c4a75b4318,0x0000000000000000000000000000000000000000000000000000000000000001
0x37089747cab58a620e93b00e1247b65d2fffd81bb725069c2fe43526863f6879,0x7dfe757ecd65cbd7922a9c0161e935dd7fdbcc0e999689c7d31633896b1fc60b,0x000000000000000000000000e3eee18a530acc43d2f30946a5ff7e6eb9732f10
0x37089747cab58a620e93b00e1247b65d2fffd81bb725069c2fe43526863f6879,0x82c9e868e45873bb5a4f47c09e14a12f6a6314e13aabd611e4374762bb4e8b36,0x0000000000000000000000000000000000000000000000000000000000000008
0x37089747cab58a620e93b00e1247b65d2fffd81bb725069c2fe43526863f6879,0x8f331abe73332f95a25873e8b430885974c0409691f89d643119a11623a7924a,0x000000000000000000000000e3eee18a530acc43d2f30946a5ff7e6eb9732f10
0x37089747cab58a620e93b00e1247b65d2fffd81bb725069c2fe43526863f6879,0x91238f30f286c9a1c6e901c4eda3b214c381c846e3dbe48df95c21488e8e1fdb,0x0000000000000000000000000000000000000000000000000000000000000004
0x37089747cab58a620e93b00e1247b65d2fffd81bb725069c2fe43526863f6879,0x9321edea6e3be4df59a344b401fab4f888b556fda1f954244cff9204bad624b8,0x0000000000000000000000000000000000000000000000000000000000000003
0x37089747cab58a620e93b00e1247b65d2fffd81bb725069c2fe43526863f6879,0x9562381dfbc2d8b8b66e765249f330164b73e329e5f01670660643571d1974df,0x0000000000000000000000000000000000000000000000000000000000000001
0x37089747cab58a620e93b00e1247b65d2fffd81bb725069c2fe43526863f6879,0x9efb29ca0001bd6c14066f55d4dbfffa34272e81846c9da3d189b49d2866d135,0x0000000000000000000000000000000000000000000000000000000000000004
0x37089747cab58a620e93b00e1247b65d2fffd81bb725069c2fe43526863f6879,0xa66cc928b5edb82af9bd49922954155ab7b0942694bea4ce44661d9a8736c688,0x0000000000000000000000000000000000000000000000000000000000000001
0x37089747cab58a620e93b00e1247b65d2fffd81bb725069c2fe43526863f6879,0xa66cc928b5edb82af9bd49922954155ab7b0942694bea4ce44661d9a8736c689,0x0000000000000000000000000000000000000000000000000000000000000002
0x37089747cab58a620e93b00e1247b65d2fffd81bb725069c2fe43526863f6879,0xa66cc928b5edb82af9bd49922954155ab7b0942694bea4ce44661d9a8736c68a,0x0000000000000000000000000000000000000000000000000000000000000003
0x37089747cab58a620e93b00e1247b65d2fffd81bb725069c2fe43526863f6879,0xa66cc928b5edb82af9bd49922954155ab7b0942694bea4ce44661d9a8736c68b,0x0000000000000000000000000000000000000000000000000000000000000004
0x37089747cab58a620e93b00e1247b65d2fffd81bb725069c2fe43526863f6879,0xa66cc928b5edb82af9bd49922954155ab7b0942694bea4ce44661d9a8736c68c,0x0000000000000000000000000000000000000000000000000000000000000005
0x37089747cab58a620e93b00e1247b65d2fffd81bb725069c2fe43526863f6879,0xa66cc928b5edb82af9bd49922954155ab7b0942694bea4ce44661d9a8736c68d,0x0000000000000000000000000000000000000000000000000000000000000006
0x37089747cab58a620e93b00e1247b65d2fffd81bb725069c2fe43526863f6879,0xa66cc928b5edb82af9bd49922954155ab7b0942694bea4ce44661d9a8736c68e,0x0000000000000000000000000000000000000000000000000000000000000007
0x37089747cab58a620e93b00e1247b65d2fffd81bb725069c2fe43526863f6879,0xa66cc928b5edb82af9bd49922954155ab7b0942694bea4ce44661d9a8736c68f,0x0000000000000000000000000000000000000000000000000000000000000008
0x37089747cab58a620e93b00e1247b65d2fffd81bb725069c2fe43526863f6879,0xa66cc928b5edb82af9bd49922954155ab7b0942694bea4ce44661d9a8736c690,0x0000000000000000000000000000000000000000000000000000000000000009
0x37089747cab58a620e93b00e1247b65d2fffd81bb725069c2fe43526863f6879,0xac577162df6aa404e4a809231f0b78cee3a19729675091e87c4e9f1852d70cce,0x0000000000000000000000000000000000000000000000000000000000000005
0x37089747cab58a620e93b00e1247b65d2fffd81bb725069c2fe43526863f6879,0xb8d683c9d414f481826f3e7fe14b3ac6ae8c73450778287390c4bb8cb9f2e80b,0x0000000000000000000000000000000000000000000000000000000000000003
0x37089747cab58a620e93b00e1247b65d2fffd81bb725069c2fe43526863f6879,0xbfd358e93f18da3ed276c3afdbdba00b8f0b6008a03476a6a86bd6320ee6938b,0x0000000000000000000000000000000000000000000000000000000000000002
0x37089747cab58a620e93b00e1247b65d2fffd81bb725069c2fe43526863f6879,0xc5069e24aaadb2addc3e52e868fcf3f4f8acf5a87e24300992fd4540c2a87eed,0x0000000000000000000000000000000000000000000000000000000000000001
0x37089747cab58a620e93b00e1247b65d2fffd81bb725069c2fe43526863f6879,0xca4d0c6c94a9477136dd41a99cc19ecbe441c8f6609efe7c6fa65be007a47323,0x0000000000000000000000000000000000000000000000000000000000000004
0x37089747cab58a620e93b00e1247b65d2fffd81bb725069c2fe43526863f6879,0xcc69885fda6bcc1a4ace058b4a62bf5e179ea78fd58a1ccd71c22cc9b688792f,0x000000000000000000000000e35b827177398d8d2fba304d9cf53bc8fc1573b7
0x37089747cab58a620e93b00e1247b65d2fffd81bb725069c2fe43526863f6879,0xd8f84819b2eb83c494440d73212124fab80c62e33b3e0faff8beb57585c66c3c,0x0000000000000000000000000000000000000000000000000000000000000002
0x37089747cab58a620e93b00e1247b65d2fffd81bb725069c2fe43526863f6879,0xd8f84819b2eb83c494440d73212124fab80c62e33b3e0faff8beb57585c66c3d,0x0000000000000000000000000000000000000000000000000000000000000003
0x37089747cab58a620e93b00e1247b65d2fffd81bb725069c2fe43526863f6879,0xd8f84819b2eb83c494440d73212124fab80c62e33b3e0faff8beb57585c66c3e,0x0000000000000000000000000000000000000000000000000000000000000006
0x37089747cab58a620e93b00e1247b65d2fffd81bb725069c2fe43526863f6879,0xd8f84819b2eb83c494440d73212124fab80c62e33b3e0faff8beb57585c66c3f,0x0000000000000000000000000000000000000000000000000000000000000008
0x37089747cab58a620e93b00e1247b65d2fffd81bb725069c2fe43526863f6879,0xd8f84819b2eb83c494440d73212124fab80c62e33b3e0faff8beb57585c66c40,0x0000000000000000000000000000000000000000000000000000000000000009
0x37089747cab58a620e93b00e1247b65d2fffd81bb725069c2fe43526863f6879,0xd9d16d34ffb15ba3a3d852f0d403e2ce1d691fb54de27ac87cd2f993f3ec330f,0x000000000000000000000000e3eee18a530acc43d2f30946a5ff7e6eb9732f10
0x37089747cab58a620e93b00e1247b65d2fffd81bb725069c2fe43526863f6879,0xdc686ec4a0ff239c70e7c7c36e8f853eced3bc8618f48d2b816da2a74311237e,0x000000000000000000000000e35b827177398d8d2fba304d9cf53bc8fc1573b7
0x37089747cab58a620e93b00e1247b65d2fffd81bb725069c2fe43526863f6879,0xe2689cd4a84e23ad2f564004f1c9013e9589d260bde6380aba3ca7e09e4df40c,0x000000000000000000000000e35b827177398d8d2fba304d9cf53bc8fc1573b7
0x37089747cab58a620e93b00e1247b65d2fffd81bb725069c2fe43526863f6879,0xe4c2e8be66af8dd2d277000f4f830a10546f8b14e45cd850b875c98ba0f0d2cd,0x0000000000000000000000000000000000000000000000000000000000000007
0x37089747cab58a620e93b00e1247b65d2fffd81bb725069c2fe43526863f6879,0xedc95719e9a3b28dd8e80877cb5880a9be7de1a13fc8b05e7999683b6b567643,0x000000000000000000000000e35b827177398d8d2fba304d9cf53bc8fc1573b7
0x37089747cab58a620e93b00e1247b65d2fffd81bb725069c2fe43526863f6879,0xf3e44d6cb9a5bfa5186bbfe0279c9e8185e36bf3376be57226567772301c39c8,0x0000000000000000000000000000000000000000000000000000000000000001
0x37089747cab58a620e93b00e1247b65d2fffd81bb725069c2fe43526863f6879,0xf3e44d6cb9a5bfa5186bbfe0279c9e8185e36bf3376be57226567772301c39c9,0x0000000000000000000000000000000000000000000000000000000000000004
0x37089747cab58a620e93b00e1247b65d2fffd81bb725069c2fe43526863f6879,0xf3e44d6cb9a5bfa5186bbfe0279c9e8185e36bf3376be57226567772301c39ca,0x0000000000000000000000000000000000000000000000000000000000000005
0x37089747cab58a620e93b00e1247b65d2fffd81bb725069c2fe43526863f6879,0xf3e44d6cb9a5bfa5186bbfe0279c9e8185e36bf3376be57226567772301c39cb,0x0000000000000000000000000000000000000000000000000000000000000007
0x37089747cab58a620e93b00e1247b65d2fffd81bb725069c2fe43526863f6879,0xf7815fccbf112960a73756e185887fedcb9fc64ca0a16cc5923b7960ed780800,0x0000000000000000000000000000000000000000000000000000000000000001