,76,
0x3cdc543fcb0ddd23f255f574d672a670c9c1372b5eeda7c79e3ce4092f521b8a,0xd389343eda184aa00e9ee58d4677e48e9a98d60d,0x60806040523480156200001157600080fd5b50336000806101000a81548173ffffffffffffffffffffffffffffffffffffffff021916908373ffffffffffffffffffffffffffffffffffffffff1602179055506040805190810160405280600481526020017f4355523800000000000000000000000000000000000000000000000000000000815250600290805190602001906200009f929190620001f4565b506040805190810160405280600681526020017f437572617465000000000000000000000000000000000000000000000000000081525060039080519060200190620000ed929190620001f4565b506008600460006101000a81548160ff021916908360ff160217905550662386f26fc100006005819055506005546006600073604d0523be64c34fff0686f23b035ebe88b6ac5273ffffffffffffffffffffffffffffffffffffffff1673ffffffffffffffffffffffffffffffffffffffff1681526020019081526020016000208190555073604d0523be64c34fff0686f23b035ebe88b6ac5273ffffffffffffffffffffffffffffffffffffffff16600073ffffffffffffffffffffffffffffffffffffffff167fddf252ad1be2c89b69c2b068fc378daa952ba7f163c4a11628f55a4df523b3ef6005546040518082815260200191505060405180910390a3620002a3565b828054600181600116156101000203166002900490600052602060002090601f016020900481019282601f106200023757805160ff191683800117855562000268565b8280016001018555821562000268579182015b82811115620002675782518255916020019190600101906200024a565b5b5090506200027791906200027b565b5090565b620002a091905b808211156200029c57600081600090555060010162000282565b5090565b90565b61168f80620002b36000396000f300608060405260043610610112576000357c0100000000000000000000000000000000000000000000000000000000900463ffffffff16806306fdde0314610117578063095ea7b3146101a757806318160ddd1461020c57806323b872dd14610237578063313ce567146102bc5780633eaaf86b146102ed57806370a082311461031857806379ba50971461036f5780638da5cb5b1461038657806395d89b41146103dd578063a293d1e81461046d578063a9059cbb146104b8578063b5931f7c1461051d578063cae9ca5114610568578063d05c78da14610613578063d4ee1d901461065e578063dc39d06d146106b5578063dd62ed3e1461071a578063e6cb901314610791578063f2fde38b146107dc575b600080fd5b34801561012357600080fd5b5061012c61081f565b6040518080602001828103825283818151815260200191508051906020019080838360005b8381101561016c578082015181840152602081019050610151565b50505050905090810190601f1680156101995780820380516001836020036101000a031916815260200191505b509250505060405180910390f35b3480156101b357600080fd5b506101f2600480360381019080803573ffffffffffffffffffffffffffffffffffffffff169060200190929190803590602001909291905050506108bd565b604051808215151515815260200191505060405180910390f35b34801561021857600080fd5b506102216109af565b6040518082815260200191505060405180910390f35b34801561024357600080fd5b506102a2600480360381019080803573ffffffffffffffffffffffffffffffffffffffff169060200190929190803573ffffffffffffffffffffffffffffffffffffffff169060200190929190803590602001909291905050506109fa565b604051808215151515815260200191505060405180910390f35b3480156102c857600080fd5b506102d1610c8a565b604051808260ff1660ff16815260200191505060405180910390f35b3480156102f957600080fd5b50610302610c9d565b6040518082815260200191505060405180910390f35b34801561032457600080fd5b50610359600480360381019080803573ffffffffffffffffffffffffffffffffffffffff169060200190929190505050610ca3565b6040518082815260200191505060405180910390f35b34801561037b57600080fd5b50610384610cec565b005b34801561039257600080fd5b5061039b610e8b565b604051808273ffffffffffffffffffffffffffffffffffffffff1673ffffffffffffffffffffffffffffffffffffffff16815260200191505060405180910390f35b3480156103e957600080fd5b506103f2610eb0565b6040518080602001828103825283818151815260200191508051906020019080838360005b83811015610432578082015181840152602081019050610417565b50505050905090810190601f16801561045f5780820380516001836020036101000a031916815260200191505b509250505060405180910390f35b34801561047957600080fd5b506104a26004803603810190808035906020019092919080359060200190929190505050610f4e565b6040518082815260200191505060405180910390f35b3480156104c457600080fd5b50610503600480360381019080803573ffffffffffffffffffffffffffffffffffffffff16906020019092919080359060200190929190505050610f6a565b604051808215151515815260200191505060405180910390f35b34801561052957600080fd5b5061055260048036038101908080359060200190929190803590602001909291905050506110f3565b6040518082815260200191505060405180910390f35b34801561057457600080fd5b506105f9600480360381019080803573ffffffffffffffffffffffffffffffffffffffff16906020019092919080359060200190929190803590602001908201803590602001908080601f0160208091040260200160405190810160405280939291908181526020018383808284378201915050505050509192919290505050611117565b604051808215151515815260200191505060405180910390f35b34801561061f57600080fd5b506106486004803603810190808035906020019092919080359060200190929190505050611366565b6040518082815260200191505060405180910390f35b34801561066a57600080fd5b50610673611397565b604051808273ffffffffffffffffffffffffffffffffffffffff1673ffffffffffffffffffffffffffffffffffffffff16815260200191505060405180910390f35b3480156106c157600080fd5b50610700600480360381019080803573ffffffffffffffffffffffffffffffffffffffff169060200190929190803590602001909291905050506113bd565b604051808215151515815260200191505060405180910390f35b34801561072657600080fd5b5061077b600480360381019080803573ffffffffffffffffffffffffffffffffffffffff169060200190929190803573ffffffffffffffffffffffffffffffffffffffff169060200190929190505050611521565b6040518082815260200191505060405180910390f35b34801561079d57600080fd5b506107c660048036038101908080359060200190929190803590602001909291905050506115a8565b6040518082815260200191505060405180910390f35b3480156107e857600080fd5b5061081d600480360381019080803573ffffffffffffffffffffffffffffffffffffffff1690602001909291905050506115c4565b005b60038054600181600116156101000203166002900480601f0160208091040260200160405190810160405280929190818152602001828054600181600116156101000203166002900480156108b55780601f1061088a576101008083540402835291602001916108b5565b820191906000526020600020905b81548152906001019060200180831161089857829003601f168201915b505050505081565b600081600760003373ffffffffffffffffffffffffffffffffffffffff1673ffffffffffffffffffffffffffffffffffffffff16815260200190815260200160002060008573ffffffffffffffffffffffffffffffffffffffff1673ffffffffffffffffffffffffffffffffffffffff168152602001908152602001600020819055508273ffffffffffffffffffffffffffffffffffffffff163373ffffffffffffffffffffffffffffffffffffffff167f8c5be1e5ebec7d5bd14f71427d1e84f3dd0314c0f7b2291e5b200ac8c7c3b925846040518082815260200191505060405180910390a36001905092915050565b6000600660008073ffffffffffffffffffffffffffffffffffffffff1673ffffffffffffffffffffffffffffffffffffffff1681526020019081526020016000205460055403905090565b6000610a45600660008673ffffffffffffffffffffffffffffffffffffffff1673ffffffffffffffffffffffffffffffffffffffff1681526020019081526020016000205483610f4e565b600660008673ffffffffffffffffffffffffffffffffffffffff1673ffffffffffffffffffffffffffffffffffffffff16815260200190815260200160002081905550610b0e600760008673ffffffffffffffffffffffffffffffffffffffff1673ffffffffffffffffffffffffffffffffffffffff16815260200190815260200160002060003373ffffffffffffffffffffffffffffffffffffffff1673ffffffffffffffffffffffffffffffffffffffff1681526020019081526020016000205483610f4e565b600760008673ffffffffffffffffffffffffffffffffffffffff1673ffffffffffffffffffffffffffffffffffffffff16815260200190815260200160002060003373ffffffffffffffffffffffffffffffffffffffff1673ffffffffffffffffffffffffffffffffffffffff16815260200190815260200160002081905550610bd7600660008573ffffffffffffffffffffffffffffffffffffffff1673ffffffffffffffffffffffffffffffffffffffff16815260200190815260200160002054836115a8565b600660008573ffffffffffffffffffffffffffffffffffffffff1673ffffffffffffffffffffffffffffffffffffffff168152602001908152602001600020819055508273ffffffffffffffffffffffffffffffffffffffff168473ffffffffffffffffffffffffffffffffffffffff167fddf252ad1be2c89b69c2b068fc378daa952ba7f163c4a11628f55a4df523b3ef846040518082815260200191505060405180910390a3600190509392505050565b600460009054906101000a900460ff1681565b60055481565b6000600660008373ffffffffffffffffffffffffffffffffffffffff1673ffffffffffffffffffffffffffffffffffffffff168152602001908152602001600020549050919050565b600160009054906101000a900473ffffffffffffffffffffffffffffffffffffffff1673ffffffffffffffffffffffffffffffffffffffff163373ffffffffffffffffffffffffffffffffffffffff16141515610d4857600080fd5b600160009054906101000a900473ffffffffffffffffffffffffffffffffffffffff1673ffffffffffffffffffffffffffffffffffffffff166000809054906101000a900473ffffffffffffffffffffffffffffffffffffffff1673ffffffffffffffffffffffffffffffffffffffff167f8be0079c531659141344cd1fd0a4f28419497f9722a3daafe3b4186f6b6457e060405160405180910390a3600160009054906101000a900473ffffffffffffffffffffffffffffffffffffffff166000806101000a81548173ffffffffffffffffffffffffffffffffffffffff021916908373ffffffffffffffffffffffffffffffffffffffff1602179055506000600160006101000a81548173ffffffffffffffffffffffffffffffffffffffff021916908373ffffffffffffffffffffffffffffffffffffffff160217905550565b6000809054906101000a900473ffffffffffffffffffffffffffffffffffffffff1681565b60028054600181600116156101000203166002900480601f016020809104026020016040519081016040528092919081815260200182805460018160011615610100020316600290048015610f465780601f10610f1b57610100808354040283529160200191610f46565b820191906000526020600020905b815481529060010190602001808311610f2957829003601f168201915b505050505081565b6000828211151515610f5f57600080fd5b818303905092915050565b6000610fb5600660003373ffffffffffffffffffffffffffffffffffffffff1673ffffffffffffffffffffffffffffffffffffffff1681526020019081526020016000205483610f4e565b600660003373ffffffffffffffffffffffffffffffffffffffff1673ffffffffffffffffffffffffffffffffffffffff16815260200190815260200160002081905550611041600660008573ffffffffffffffffffffffffffffffffffffffff1673ffffffffffffffffffffffffffffffffffffffff16815260200190815260200160002054836115a8565b600660008573ffffffffffffffffffffffffffffffffffffffff1673ffffffffffffffffffffffffffffffffffffffff168152602001908152602001600020819055508273ffffffffffffffffffffffffffffffffffffffff163373ffffffffffffffffffffffffffffffffffffffff167fddf252ad1be2c89b69c2b068fc378daa952ba7f163c4a11628f55a4df523b3ef846040518082815260200191505060405180910390a36001905092915050565b6000808211151561110357600080fd5b818381151561110e57fe5b04905092915050565b600082600760003373ffffffffffffffffffffffffffffffffffffffff1673ffffffffffffffffffffffffffffffffffffffff16815260200190815260200160002060008673ffffffffffffffffffffffffffffffffffffffff1673ffffffffffffffffffffffffffffffffffffffff168152602001908152602001600020819055508373ffffffffffffffffffffffffffffffffffffffff163373ffffffffffffffffffffffffffffffffffffffff167f8c5be1e5ebec7d5bd14f71427d1e84f3dd0314c0f7b2291e5b200ac8c7c3b925856040518082815260200191505060405180910390a38373ffffffffffffffffffffffffffffffffffffffff16638f4ffcb1338530866040518563ffffffff167c0100000000000000000000000000000000000000000000000000000000028152600401808573ffffffffffffffffffffffffffffffffffffffff1673ffffffffffffffffffffffffffffffffffffffff1681526020018481526020018373ffffffffffffffffffffffffffffffffffffffff1673ffffffffffffffffffffffffffffffffffffffff16815260200180602001828103825283818151815260200191508051906020019080838360005b838110156112f45780820151818401526020810190506112d9565b50505050905090810190601f1680156113215780820380516001836020036101000a031916815260200191505b5095505050505050600060405180830381600087803b15801561134357600080fd5b505af1158015611357573d6000803e3d6000fd5b50505050600190509392505050565b600081830290506000831480611386575081838281151561138357fe5b04145b151561139157600080fd5b92915050565b600160009054906101000a900473ffffffffffffffffffffffffffffffffffffffff1681565b60008060009054906101000a900473ffffffffffffffffffffffffffffffffffffffff1673ffffffffffffffffffffffffffffffffffffffff163373ffffffffffffffffffffffffffffffffffffffff1614151561141a57600080fd5b8273ffffffffffffffffffffffffffffffffffffffff1663a9059cbb6000809054906101000a900473ffffffffffffffffffffffffffffffffffffffff16846040518363ffffffff167c0100000000000000000000000000000000000000000000000000000000028152600401808373ffffffffffffffffffffffffffffffffffffffff1673ffffffffffffffffffffffffffffffffffffffff16815260200182815260200192505050602060405180830381600087803b1580156114de57600080fd5b505af11580156114f2573d6000803e3d6000fd5b505050506040513d602081101561150857600080fd5b8101908080519060200190929190505050905092915050565b6000600760008473ffffffffffffffffffffffffffffffffffffffff1673ffffffffffffffffffffffffffffffffffffffff16815260200190815260200160002060008373ffffffffffffffffffffffffffffffffffffffff1673ffffffffffffffffffffffffffffffffffffffff16815260200190815260200160002054905092915050565b600081830190508281101515156115be57600080fd5b92915050565b6000809054906101000a900473ffffffffffffffffffffffffffffffffffffffff1673ffffffffffffffffffffffffffffffffffffffff163373ffffffffffffffffffffffffffffffffffffffff1614151561161f57600080fd5b80600160006101000a81548173ffffffffffffffffffffffffffffffffffffffff021916908373ffffffffffffffffffffffffffffffffffffffff160217905550505600a165627a7a7230582066de3aabb139befe1c837f05012de9f50339f49406b2d7a9afd1d9acd77d1c3b0029
0xdbfbae51c7a0e5be94488f148f73b05121c41c0692782aeaa3037ef9b813bc00,0x604d0523be64c34fff0686f23b035ebe88b6ac52,0xa9059cbb000000000000000000000000b503c35d4d7f5c73bac02e2b446085993c502ed9000000000000000000000000000000000000000000000000000000826299e000
0xa9805e721b13afa41e99662cf30aefa46e2b96d2b3c6a9366541c0979a35278b,0xb503c35d4d7f5c73bac02e2b446085993c502ed9,0x095ea7b3000000000000000000000000a5025faba6e70b84f74e9b1113e5f7f4e7f4859f00000000000000000000000000000000000000000000000000000004a817c800
0x6f4bca4fb009d2e161b4293d1d5e5e7b71cd226fafc812d4cf550f46e5496bf5,0xb503c35d4d7f5c73bac02e2b446085993c502ed9,0x095ea7b3000000000000000000000000a5025faba6e70b84f74e9b1113e5f7f4e7f4859f000000000000000000000000000000000000000000000000000000174876e800
0xb35e296227b053f6a1f96d9952ab8b08483faf53762ed4b0f18f4873ec6309d2,0xb503c35d4d7f5c73bac02e2b446085993c502ed9,0x095ea7b3000000000000000000000000a5025faba6e70b84f74e9b1113e5f7f4e7f4859f0000000000000000000000000000000000000000000000000000006d6e2edc00
0x20ce3e0269132d761ca935b693beb3651ea7b28b2713d621d52a7d6d924400f8,0x604d0523be64c34fff0686f23b035ebe88b6ac52,0xa9059cbb000000000000000000000000f6feea755de2646b9bc837c9f949e5e4abbc79a600000000000000000000000000000000000000000000000000000000fa56ea00
0x5937d29c49ba8166298c47fba05abd2e66a0905588494928f93d0ccec3a1f9bc,0xf6feea755de2646b9bc837c9f949e5e4abbc79a6,0xa9059cbb000000000000000000000000610e525455f9b8391609d1317fcb8744bc696f190000000000000000000000000000000000000000000000000000000059682f00
0xa438c2a99eff1aee4c54a3c9e556bc2ffc7227608fe8e00962154f4331276c2a,0x610e525455f9b8391609d1317fcb8744bc696f19,0x095ea7b3000000000000000000000000fc573e8059e0cda91fa70866e34e94d77d0c78b000000000000000000000000000000000000000000000003635c9adc5d8aa1f00
0xd5dac77b762cdbcfc46a02403dd50102a1b41d6bd229019c0fee2c88f18d9f46,0xfc573e8059e0cda91fa70866e34e94d77d0c78b0,0x23b872dd000000000000000000000000610e525455f9b8391609d1317fcb8744bc696f19000000000000000000000000fc573e8059e0cda91fa70866e34e94d77d0c78b00000000000000000000000000000000000000000000000000000000059682f00
0xa4bf22da99234b6300592a46b8837399fb5de309e2bd08d5e41de06ac232e027,0xfc573e8059e0cda91fa70866e34e94d77d0c78b0,0xa9059cbb000000000000000000000000f6feea755de2646b9bc837c9f949e5e4abbc79a6000000000000000000000000000000000000000000000000000000001dcd6500
