0x43bcf4adde2d15a7309ddf17688f5aabb838fe2c71917e6134fc9c07d7ee91fc,0x0000000000000000000000000000000000000000000000000000000000000000,0x000000000000000000000000b31d16a5eb4026ea5514b73eb436f7238ee3a6f8
0x43bcf4adde2d15a7309ddf17688f5aabb838fe2c71917e6134fc9c07d7ee91fc,0x0000000000000000000000000000000000000000000000000000000000000002,0x00000000000000000000000000000000000000000000000000000000000001f5
0x43bcf4adde2d15a7309ddf17688f5aabb838fe2c71917e6134fc9c07d7ee91fc,0x0000000000000000000000000000000000000000000000000000000000000003,0x000000000000000000000000000000000000000000000000000000000000006b
0x43bcf4adde2d15a7309ddf17688f5aabb838fe2c71917e6134fc9c07d7ee91fc,0x0000000000000000000000000000000000000000000000000000000000000004,0x0000000000000000000000000000000000000000000000000000000000000059
0x43bcf4adde2d15a7309ddf17688f5aabb838fe2c71917e6134fc9c07d7ee91fc,0x0000000000000000000000000000000000000000000000000000000000000005,0x0000000000000000000000000000000000000000000000000000000000000065
0x43bcf4adde2d15a7309ddf17688f5aabb838fe2c71917e6134fc9c07d7ee91fc,0x000000000000000000000000000000000000000000000000000000000000000a,0x000000000000000000000000000000000000000000000000000000000000000a
0x43bcf4adde2d15a7309ddf17688f5aabb838fe2c71917e6134fc9c07d7ee91fc,0x036b6384b5eca791c62761152d0c79bb0604c104a5fb6f4eb0703f3154bb3db0,0x692d6c697374656e65642d66697273742d68756e7465722d6761746865726572
0x43bcf4adde2d15a7309ddf17688f5aabb838fe2c71917e6134fc9c07d7ee91fc,0x036b6384b5eca791c62761152d0c79bb0604c104a5fb6f4eb0703f3154bb3db1,0x2d6176617461722d323032302d30382d30370000000000000000000000000000
0x43bcf4adde2d15a7309ddf17688f5aabb838fe2c71917e6134fc9c07d7ee91fc,0x437ca9c4d70a295d8e0464c741f87f5c5e0b159bc0c5aca5b833cac1be2a3cc2,0x0000000000000000000000000000000000000000000000000000000000000001
0x43bcf4adde2d15a7309ddf17688f5aabb838fe2c71917e6134fc9c07d7ee91fc,0x54cdd369e4e8a8515e52ca72ec816c2101831ad1f18bf44102ed171459c9b4f8,0x00000000000000000000000015b8a6f624c9666f7ee7d35bc093305ebfb8c8c2
0x43bcf4adde2d15a7309ddf17688f5aabb838fe2c71917e6134fc9c07d7ee91fc,0x5e05d74810a656c09e5422d600e6976b5e06b4de2bb9da4e7c531041d2c962d7,0x0000000000000000000000000000000000000000000000000000000000000001
0x43bcf4adde2d15a7309ddf17688f5aabb838fe2c71917e6134fc9c07d7ee91fc,0x8a35acfbc15ff81a39ae7d344fd709f28e8600b4aa8c65c6b64bfe7fe36bd19b,0x696c697374656e6564666972737468756e746572676174686572657261766174
0x43bcf4adde2d15a7309ddf17688f5aabb838fe2c71917e6134fc9c07d7ee91fc,0x8a35acfbc15ff81a39ae7d344fd709f28e8600b4aa8c65c6b64bfe7fe36bd19c,0x6172323032302d30382d30370000000000000000000000000000000000000000
0x43bcf4adde2d15a7309ddf17688f5aabb838fe2c71917e6134fc9c07d7ee91fc,0xade55708a3c502f4f52f7554600b394c4d39679e5f3a0a9ea1b52d03954fda67,0x00000000000000000000000000000000000000000000000000000000000001f4
0x43bcf4adde2d15a7309ddf17688f5aabb838fe2c71917e6134fc9c07d7ee91fc,0xc2575a0e9e593c00f959f8c92f12db2869c3395a3b0502d05e2516446f71f85b,0x49204c697374656e65642046697273742048756e746572204761746865726572
0x43bcf4adde2d15a7309ddf17688f5aabb838fe2c71917e6134fc9c07d7ee91fc,0xc2575a0e9e593c00f959f8c92f12db2869c3395a3b0502d05e2516446f71f85c,0x2041766174617220417567757374203720323032300000000000000000000000