0xe56ad6035bef565bd09f6b1c220d49f6a21faa7521252f7923772c2e761f7689,0x0000000000000000000000000000000000000000000000000000000000000000,0x000000000000000000000000b31d16a5eb4026ea5514b73eb436f7238ee3a6f8
0xe56ad6035bef565bd09f6b1c220d49f6a21faa7521252f7923772c2e761f7689,0x0000000000000000000000000000000000000000000000000000000000000002,0x0000000000000000000000000000000000000000000000000000000000000065
0xe56ad6035bef565bd09f6b1c220d49f6a21faa7521252f7923772c2e761f7689,0x0000000000000000000000000000000000000000000000000000000000000003,0x0000000000000000000000000000000000000000000000000000000000000041
0xe56ad6035bef565bd09f6b1c220d49f6a21faa7521252f7923772c2e761f7689,0x0000000000000000000000000000000000000000000000000000000000000004,0x6461796f6e6566616e736177656574696531737465646974696f6e0000000036
0xe56ad6035bef565bd09f6b1c220d49f6a21faa7521252f7923772c2e761f7689,0x0000000000000000000000000000000000000000000000000000000000000005,0x0000000000000000000000000000000000000000000000000000000000000041
0xe56ad6035bef565bd09f6b1c220d49f6a21faa7521252f7923772c2e761f7689,0x000000000000000000000000000000000000000000000000000000000000000a,0x000000000000000000000000000000000000000000000000000000000000000a
0xe56ad6035bef565bd09f6b1c220d49f6a21faa7521252f7923772c2e761f7689,0x036b6384b5eca791c62761152d0c79bb0604c104a5fb6f4eb0703f3154bb3db0,0x6461792d6f6e652d66616e2d73617765657469652d3173742d65646974696f6e
0xe56ad6035bef565bd09f6b1c220d49f6a21faa7521252f7923772c2e761f7689,0x437ca9c4d70a295d8e0464c741f87f5c5e0b159bc0c5aca5b833cac1be2a3cc2,0x0000000000000000000000000000000000000000000000000000000000000001
0xe56ad6035bef565bd09f6b1c220d49f6a21faa7521252f7923772c2e761f7689,0x54cdd369e4e8a8515e52ca72ec816c2101831ad1f18bf44102ed171459c9b4f8,0x00000000000000000000000015b8a6f624c9666f7ee7d35bc093305ebfb8c8c2
0xe56ad6035bef565bd09f6b1c220d49f6a21faa7521252f7923772c2e761f7689,0x5e05d74810a656c09e5422d600e6976b5e06b4de2bb9da4e7c531041d2c962d7,0x0000000000000000000000000000000000000000000000000000000000000001
0xe56ad6035bef565bd09f6b1c220d49f6a21faa7521252f7923772c2e761f7689,0x850544c17f681a9db084d0deda1b55058e68d928302b56d28428ff38a98489f9,0x0000000000000000000000000000000000000000000000000000000000000064
0xe56ad6035bef565bd09f6b1c220d49f6a21faa7521252f7923772c2e761f7689,0xc2575a0e9e593c00f959f8c92f12db2869c3395a3b0502d05e2516446f71f85b,0x446179204f6e652046616e205361776565746965203173742045646974696f6e