0x76673d68bef9ae8d5b8fa69bb3f0742ab509a24d8581f3b584f533f91723aa53,0x0000000000000000000000000000000000000000000000000000000000000007,0x0000000000000000000000000000000000000000000000000000000000000001
0x76673d68bef9ae8d5b8fa69bb3f0742ab509a24d8581f3b584f533f91723aa53,0x0000000000000000000000000000000000000000000000000000000000000009,0x5465737441737365740000000000000000000000000000000000000000000012
0x76673d68bef9ae8d5b8fa69bb3f0742ab509a24d8581f3b584f533f91723aa53,0x000000000000000000000000000000000000000000000000000000000000000a,0x5441000000000000000000000000000000000000000000000000000000000004
0x76673d68bef9ae8d5b8fa69bb3f0742ab509a24d8581f3b584f533f91723aa53,0x3ce6389d720671766d3c01f8d136a3a3a5b0190001e3892452f1022310f4c170,0x0000000000000000000000000000000000000000000000000000000000000065
0x76673d68bef9ae8d5b8fa69bb3f0742ab509a24d8581f3b584f533f91723aa53,0x67be87c3ff9960ca1e9cfac5cab2ff4747269cf9ed20c9b7306235ac35a491c5,0x0000000000000000000000000000000000000000000000000000000000000001
0x76673d68bef9ae8d5b8fa69bb3f0742ab509a24d8581f3b584f533f91723aa53,0x6def5a300acb6fcaa0dab3a41e9d6457b5147a641e641380f8cc4bf5308b16fe,0x00000000000000000000000079e316d0c8230ef5fee5134a1478336d1bbcec77
0x76673d68bef9ae8d5b8fa69bb3f0742ab509a24d8581f3b584f533f91723aa53,0x77b7bbe0e49b76487c9476b5db3354cf5270619d0037ccb899c2a4c4a75b4318,0x0000000000000000000000000000000000000000000000000000000000000001
0x76673d68bef9ae8d5b8fa69bb3f0742ab509a24d8581f3b584f533f91723aa53,0x9562381dfbc2d8b8b66e765249f330164b73e329e5f01670660643571d1974df,0x0000000000000000000000000000000000000000000000000000000000000001
0x76673d68bef9ae8d5b8fa69bb3f0742ab509a24d8581f3b584f533f91723aa53,0x9b066b1975ddc92759a010910d893b9ef1be531f7ca3d1b21e4291877a734f47,0x0000000000000000000000000000000000000000000000000000000000000001
0x76673d68bef9ae8d5b8fa69bb3f0742ab509a24d8581f3b584f533f91723aa53,0xa66cc928b5edb82af9bd49922954155ab7b0942694bea4ce44661d9a8736c688,0x0000000000000000000000000000000000000000000000000000000000000065
0x76673d68bef9ae8d5b8fa69bb3f0742ab509a24d8581f3b584f533f91723aa53,0xcc4cfe1240131c7fe0c8f874c71782313fd0a5277bae7ed190afaec5cc8a4b37,0x68747470733a2f2f697066732e696f2f697066732f516d5647596d316539774b
0x76673d68bef9ae8d5b8fa69bb3f0742ab509a24d8581f3b584f533f91723aa53,0xcc4cfe1240131c7fe0c8f874c71782313fd0a5277bae7ed190afaec5cc8a4b38,0x71576e444d736d34653247565259676e645246784c58524a714b394e6536516f
0x76673d68bef9ae8d5b8fa69bb3f0742ab509a24d8581f3b584f533f91723aa53,0xcc4cfe1240131c7fe0c8f874c71782313fd0a5277bae7ed190afaec5cc8a4b39,0x664d760000000000000000000000000000000000000000000000000000000000
0x76673d68bef9ae8d5b8fa69bb3f0742ab509a24d8581f3b584f533f91723aa53,0xef9f389529476ca2f00a8e2d5991fddc784a5ef78916996333771927f3ae1bda,0x0000000000000000000000000000000000000000000000000000000000000087
0x76673d68bef9ae8d5b8fa69bb3f0742ab509a24d8581f3b584f533f91723aa53,0xf2ed681c34cb595a81f12219b31dde044b499f6386fd7afccd132ce72df9f3fb,0x0000000000000000000000000000000000000000000000000000000000000001
0x76673d68bef9ae8d5b8fa69bb3f0742ab509a24d8581f3b584f533f91723aa53,0xf7815fccbf112960a73756e185887fedcb9fc64ca0a16cc5923b7960ed780800,0x0000000000000000000000000000000000000000000000000000000000000001
0x1105b71ee5ddc39145334775e6b9ac1968953fc44ab3733f786ab4478bde7fd1,0x3ce6389d720671766d3c01f8d136a3a3a5b0190001e3892452f1022310f4c170,0x0000000000000000000000000000000000000000000000000000000000000000
0x1105b71ee5ddc39145334775e6b9ac1968953fc44ab3733f786ab4478bde7fd1,0x9b066b1975ddc92759a010910d893b9ef1be531f7ca3d1b21e4291877a734f47,0x0000000000000000000000000000000000000000000000000000000000000000
0x1105b71ee5ddc39145334775e6b9ac1968953fc44ab3733f786ab4478bde7fd1,0xf2ed681c34cb595a81f12219b31dde044b499f6386fd7afccd132ce72df9f3fb,0x0000000000000000000000000000000000000000000000000000000000000000