0x2a2894de35d84d603f84afbb5f48f41789b5a5180487faf724962313c41cccd8,0x0000000000000000000000000000000000000000000000000000000000000009,0x4332464320546f6b656e00000000000000000000000000000000000000000014
0x2a2894de35d84d603f84afbb5f48f41789b5a5180487faf724962313c41cccd8,0x000000000000000000000000000000000000000000000000000000000000000a,0x4332464300000000000000000000000000000000000000000000000000000008
0x2a2894de35d84d603f84afbb5f48f41789b5a5180487faf724962313c41cccd8,0x000000000000000000000000000000000000000000000000000000000000000d,0x000000000000000000000000d43c1df32c12fed72e5d1db662ba1f45162db328
0x2a2894de35d84d603f84afbb5f48f41789b5a5180487faf724962313c41cccd8,0x000000000000000000000000000000000000000000000000000000000000000e,0x00000000000000000000000089d24a6b4ccb1b6faa2625fe562bdd9a23260359
0x2a2894de35d84d603f84afbb5f48f41789b5a5180487faf724962313c41cccd8,0x234a906aeb031d28cf0eefce25b511b7cbc570a60951ace221b392311d127877,0x0000000000000000000000000000000000000000000000000000000000000001
0x2a2894de35d84d603f84afbb5f48f41789b5a5180487faf724962313c41cccd8,0x67be87c3ff9960ca1e9cfac5cab2ff4747269cf9ed20c9b7306235ac35a491c5,0x0000000000000000000000000000000000000000000000000000000000000001
0x2a2894de35d84d603f84afbb5f48f41789b5a5180487faf724962313c41cccd8,0x77b7bbe0e49b76487c9476b5db3354cf5270619d0037ccb899c2a4c4a75b4318,0x0000000000000000000000000000000000000000000000000000000000000001
0x2a2894de35d84d603f84afbb5f48f41789b5a5180487faf724962313c41cccd8,0x9562381dfbc2d8b8b66e765249f330164b73e329e5f01670660643571d1974df,0x0000000000000000000000000000000000000000000000000000000000000001
0x2a2894de35d84d603f84afbb5f48f41789b5a5180487faf724962313c41cccd8,0xf7815fccbf112960a73756e185887fedcb9fc64ca0a16cc5923b7960ed780800,0x0000000000000000000000000000000000000000000000000000000000000001
0xbd6c192459b11d2518a1a0bf44746b748d17012d899d9ba7ae3d10c639c6bab6,0xac7d0ce9746e69ab3f5349e3845ffeb0ead74e96e51d12e1a879ec70781ee7a0,0x0000000000000000000000000000000000000000000000000000000000000001
0x1874b260fb1e2b3f6520fdccde3e1338f199222d4d1d854d8f8fd489673c1af0,0x833fde0537b5e5e287d785dbfeb61cc0ad4bfa0df42c1ea37eb24a4ee7c9ce03,0x0000000000000000000000000000000000000000000000000000000000000001
