0x06022e0ee98494b333e2961f65bc82f2b427aa70af8264e0c61c8473650ad8df,0x0000000000000000000000000000000000000000000000000000000000000001,0x4e465472756d700000000000000000000000000000000000000000000000000e
0x06022e0ee98494b333e2961f65bc82f2b427aa70af8264e0c61c8473650ad8df,0x0000000000000000000000000000000000000000000000000000000000000002,0x5452554d5000000000000000000000000000000000000000000000000000000a
0x06022e0ee98494b333e2961f65bc82f2b427aa70af8264e0c61c8473650ad8df,0x0000000000000000000000000000000000000000000000000000000000000003,0x0000000000000000000000000000000000000000000000000000000000000069
0x06022e0ee98494b333e2961f65bc82f2b427aa70af8264e0c61c8473650ad8df,0x000000000000000000000000000000000000000000000000000000000000000c,0x3c065f842bf043fb2380b968b3c22e105daaa24042c25fedc73445fd34f30e71
0x06022e0ee98494b333e2961f65bc82f2b427aa70af8264e0c61c8473650ad8df,0x0a1825d8487a98ce40d82d804cda3b9b9e033aee0c8546f52ccb806c95e2b637,0x0000000000000000000000000000000000000000000000000000000000000001
0x06022e0ee98494b333e2961f65bc82f2b427aa70af8264e0c61c8473650ad8df,0x0dab6330d66f643c9f35a12932db5668d4efa3a0a50169f6456dac8232ec0d42,0x00000000000000000000000000000000000000000000000000000000000000ff
0x06022e0ee98494b333e2961f65bc82f2b427aa70af8264e0c61c8473650ad8df,0x67be87c3ff9960ca1e9cfac5cab2ff4747269cf9ed20c9b7306235ac35a491c5,0x0000000000000000000000000000000000000000000000000000000000000001
0x06022e0ee98494b333e2961f65bc82f2b427aa70af8264e0c61c8473650ad8df,0x77b7bbe0e49b76487c9476b5db3354cf5270619d0037ccb899c2a4c4a75b4318,0x0000000000000000000000000000000000000000000000000000000000000001
0x06022e0ee98494b333e2961f65bc82f2b427aa70af8264e0c61c8473650ad8df,0x9562381dfbc2d8b8b66e765249f330164b73e329e5f01670660643571d1974df,0x0000000000000000000000000000000000000000000000000000000000000001
0x06022e0ee98494b333e2961f65bc82f2b427aa70af8264e0c61c8473650ad8df,0xc2575a0e9e593c00f959f8c92f12db2869c3395a3b0502d05e2516446f71f85b,0x68747470733a2f2f6170692e66616272782e696f2f746f6b656e732f6d657461
0x06022e0ee98494b333e2961f65bc82f2b427aa70af8264e0c61c8473650ad8df,0xc2575a0e9e593c00f959f8c92f12db2869c3395a3b0502d05e2516446f71f85c,0x646174612f5452554d502d4e465472756d702d31000000000000000000000000
0x06022e0ee98494b333e2961f65bc82f2b427aa70af8264e0c61c8473650ad8df,0xf7815fccbf112960a73756e185887fedcb9fc64ca0a16cc5923b7960ed780800,0x0000000000000000000000000000000000000000000000000000000000000001
0x6ab15aa8f7fb0fc0f53d4d0fef1adc9226832078940801bb0d0cce3681c30e50,0x0000000000000000000000000000000000000000000000000000000000000004,0x0000000000000000000000000000000000000000000000000000000000000001
0x6ab15aa8f7fb0fc0f53d4d0fef1adc9226832078940801bb0d0cce3681c30e50,0x3e5177b12277c887ecf34c5ba665cafb7643409a79f4bc932ac8076bb09b3203,0x0000000000000000000000000000000000000000000000000000000000000001
0x6ab15aa8f7fb0fc0f53d4d0fef1adc9226832078940801bb0d0cce3681c30e50,0x44e8bc5c44bbd8da8a97b30c93fbba96ca7f681ed17fcd5a486b57e96eab8453,0x0000000000000000000000000000000000000000000000000000000000000001
0x6ab15aa8f7fb0fc0f53d4d0fef1adc9226832078940801bb0d0cce3681c30e50,0x8a35acfbc15ff81a39ae7d344fd709f28e8600b4aa8c65c6b64bfe7fe36bd19b,0x0000000000000000000000000000000000000000000000000000000000000001
0x6ab15aa8f7fb0fc0f53d4d0fef1adc9226832078940801bb0d0cce3681c30e50,0xad67d757c34507f157cacfa2e3153e9f260a2244f30428821be7be64587ac55f,0x000000000000000000000000e5e9a001bc309014ebfa5f6583040167c5b8a80e
0x975ac3a7b962b2df5e4287601724e33483f22b372e944d43af516a9fe6cb2e3e,0x74b49cf64cb68e9bc628ebf0414e8a931a540dd755788a9e5026de890beef50b,0x0000000000000000000000000000000000000000000000000000000000000001