0x3dcab56bdcd5b3715bfd3c8982ad75c1a46cff4eec61d8d44148ab3b86b8d924,0x0000000000000000000000000000000000000000000000000000000000000009,0x4d6567612042756e646c65000000000000000000000000000000000000000016
0x3dcab56bdcd5b3715bfd3c8982ad75c1a46cff4eec61d8d44148ab3b86b8d924,0x000000000000000000000000000000000000000000000000000000000000000a,0x4d42000000000000000000000000000000000000000000000000000000000004
0x3dcab56bdcd5b3715bfd3c8982ad75c1a46cff4eec61d8d44148ab3b86b8d924,0x000000000000000000000000000000000000000000000000000000000000000e,0x000000000000000000000000a5409ec958c83c3f309868babaca7c86dcb077c1
0x3dcab56bdcd5b3715bfd3c8982ad75c1a46cff4eec61d8d44148ab3b86b8d924,0x000000000000000000000000000000000000000000000000000000000000000f,0x0000000000000000000000002c67f4a0434c4d1796d443124ebc1ac1d8790ebb
0x3dcab56bdcd5b3715bfd3c8982ad75c1a46cff4eec61d8d44148ab3b86b8d924,0x0000000000000000000000000000000000000000000000000000000000000010,0x000000000000000000000000000000000000000000000000000000000000004d
0x3dcab56bdcd5b3715bfd3c8982ad75c1a46cff4eec61d8d44148ab3b86b8d924,0x0000000000000000000000000000000000000000000000000000000000000011,0x0000000000000000000000000000000000000000000000000000000000000006
0x3dcab56bdcd5b3715bfd3c8982ad75c1a46cff4eec61d8d44148ab3b86b8d924,0x0000000000000000000000000000000000000000000000000000000000000012,0x0000000000000000000000000000000000000000000000000000000000000002
0x3dcab56bdcd5b3715bfd3c8982ad75c1a46cff4eec61d8d44148ab3b86b8d924,0x0000000000000000000000000000000000000000000000000000000000000013,0x302f000000000000000000000000000000000000000000000000000000000004
0x3dcab56bdcd5b3715bfd3c8982ad75c1a46cff4eec61d8d44148ab3b86b8d924,0x0000000000000000000000000000000000000000000000000000000000000016,0x00000000000000000000000a0000000000000000000000000000000000000000
0x3dcab56bdcd5b3715bfd3c8982ad75c1a46cff4eec61d8d44148ab3b86b8d924,0x1b6847dc741a1b0cd08d278845f9d819d87b734759afb55fe2de5cb82a9ae672,0x68747470733a2f2f63727970746f62756e646c652e647261676f6e676c617373
0x3dcab56bdcd5b3715bfd3c8982ad75c1a46cff4eec61d8d44148ab3b86b8d924,0x1b6847dc741a1b0cd08d278845f9d819d87b734759afb55fe2de5cb82a9ae673,0x2e746563682f0000000000000000000000000000000000000000000000000000
0x3dcab56bdcd5b3715bfd3c8982ad75c1a46cff4eec61d8d44148ab3b86b8d924,0x31ecc21a745e3968a04e9570e4425bc18fa8019c68028196b546d1669c200c68,0x0000000000000000000000000000000000000000000000000000000000000001
0x3dcab56bdcd5b3715bfd3c8982ad75c1a46cff4eec61d8d44148ab3b86b8d924,0x31ecc21a745e3968a04e9570e4425bc18fa8019c68028196b546d1669c200c6a,0x0000000000000000000000000000000000000000000000000000000000000001
0x3dcab56bdcd5b3715bfd3c8982ad75c1a46cff4eec61d8d44148ab3b86b8d924,0x31ecc21a745e3968a04e9570e4425bc18fa8019c68028196b546d1669c200c6c,0x0000000000000000000000000000000000000000000000000000000000000001
0x3dcab56bdcd5b3715bfd3c8982ad75c1a46cff4eec61d8d44148ab3b86b8d924,0x31ecc21a745e3968a04e9570e4425bc18fa8019c68028196b546d1669c200c6e,0x0000000000000000000000000000000000000000000000000000000000000001
0x3dcab56bdcd5b3715bfd3c8982ad75c1a46cff4eec61d8d44148ab3b86b8d924,0x67be87c3ff9960ca1e9cfac5cab2ff4747269cf9ed20c9b7306235ac35a491c5,0x0000000000000000000000000000000000000000000000000000000000000001
0x3dcab56bdcd5b3715bfd3c8982ad75c1a46cff4eec61d8d44148ab3b86b8d924,0x77b7bbe0e49b76487c9476b5db3354cf5270619d0037ccb899c2a4c4a75b4318,0x0000000000000000000000000000000000000000000000000000000000000001
0x3dcab56bdcd5b3715bfd3c8982ad75c1a46cff4eec61d8d44148ab3b86b8d924,0x9562381dfbc2d8b8b66e765249f330164b73e329e5f01670660643571d1974df,0x0000000000000000000000000000000000000000000000000000000000000001
0x3dcab56bdcd5b3715bfd3c8982ad75c1a46cff4eec61d8d44148ab3b86b8d924,0xc8cb2af26653210aeee089be020e07326fe0b4e9a7847c2748dea4ec55b54bd2,0x0000000000000000000000000000000000000000000000000000000000000001
0x3dcab56bdcd5b3715bfd3c8982ad75c1a46cff4eec61d8d44148ab3b86b8d924,0xf7815fccbf112960a73756e185887fedcb9fc64ca0a16cc5923b7960ed780800,0x0000000000000000000000000000000000000000000000000000000000000001