0x703f586a70561d7da000457812aac2a412bd49667a7cfebffc3699ee9c6fc650,0x0000000000000000000000000000000000000000000000000000000000000005,0x4f4b000000000000000000000000000000000000000000000000000000000004
0x703f586a70561d7da000457812aac2a412bd49667a7cfebffc3699ee9c6fc650,0x0000000000000000000000000000000000000000000000000000000000000006,0x4f6b6a61506f6e6965734564697468000000000000000000000000000000001e
0x703f586a70561d7da000457812aac2a412bd49667a7cfebffc3699ee9c6fc650,0x000000000000000000000000000000000000000000000000000000000000000c,0x00000000000000000000000019f4346476fdab43833cd697273d03a0c0937759
0x703f586a70561d7da000457812aac2a412bd49667a7cfebffc3699ee9c6fc650,0x000000000000000000000000000000000000000000000000000000000000000e,0x00000000000000000000000000000000000000000000000000000000000000bb
0x703f586a70561d7da000457812aac2a412bd49667a7cfebffc3699ee9c6fc650,0x000000000000000000000000000000000000000000000000000000000000000f,0x0000000000000000000000000000000000000000000000000000000000002710
0x703f586a70561d7da000457812aac2a412bd49667a7cfebffc3699ee9c6fc650,0x67be87c3ff9960ca1e9cfac5cab2ff4747269cf9ed20c9b7306235ac35a491c5,0x0000000000000000000000000000000000000000000000000000000000000001
0x703f586a70561d7da000457812aac2a412bd49667a7cfebffc3699ee9c6fc650,0x77b7bbe0e49b76487c9476b5db3354cf5270619d0037ccb899c2a4c4a75b4318,0x0000000000000000000000000000000000000000000000000000000000000001
0x703f586a70561d7da000457812aac2a412bd49667a7cfebffc3699ee9c6fc650,0x9562381dfbc2d8b8b66e765249f330164b73e329e5f01670660643571d1974df,0x0000000000000000000000000000000000000000000000000000000000000001
0x703f586a70561d7da000457812aac2a412bd49667a7cfebffc3699ee9c6fc650,0xbb7b4a454dc3493923482f07822329ed19e8244eff582cc204f8554c3620c3fd,0x68747470733a2f2f73746f726167652e676f6f676c65617069732e636f6d2f73
0x703f586a70561d7da000457812aac2a412bd49667a7cfebffc3699ee9c6fc650,0xbb7b4a454dc3493923482f07822329ed19e8244eff582cc204f8554c3620c3fe,0x746167696e672d6d657461646174612d6f6b6a61746563682d636f6d2f696e74
0x703f586a70561d7da000457812aac2a412bd49667a7cfebffc3699ee9c6fc650,0xbb7b4a454dc3493923482f07822329ed19e8244eff582cc204f8554c3620c3ff,0x6567726174696f6e2d746573742d706f6e6965732f6d65746164617461000000
0x703f586a70561d7da000457812aac2a412bd49667a7cfebffc3699ee9c6fc650,0xf7815fccbf112960a73756e185887fedcb9fc64ca0a16cc5923b7960ed780800,0x0000000000000000000000000000000000000000000000000000000000000001
0x703f586a70561d7da000457812aac2a412bd49667a7cfebffc3699ee9c6fc650,0xfda011bb0550458520b58c1b44fb4f56e2ac0766235c839f5f518d6cdcd9fde7,0x0000000000000000000000000000000000000000000000000000000000000001
0x7a515e339d482a0d45f969e07c5014ee70dde639843823c378d40e476be3b6c8,0x0000000000000000000000000000000000000000000000000000000000000009,0x000000000000000000000000000000000000000000000000000000000000000a
0x7a515e339d482a0d45f969e07c5014ee70dde639843823c378d40e476be3b6c8,0x00fc97bf8f096b5a1a421a213478e8dc73eb34ad2ec66e11b2912d20f7d05e89,0x0000000000000000000000000000000000000000000000000000000000000001
0x7a515e339d482a0d45f969e07c5014ee70dde639843823c378d40e476be3b6c8,0x06332e76f113bce07a140fd8229aca68d6ac8f4d7a9a40c48ebf1b440bc1d61f,0x000000000000000000000000000000000000000000000000000000000000000a
0x7a515e339d482a0d45f969e07c5014ee70dde639843823c378d40e476be3b6c8,0x071df34acd298ed856207aeac47c7ab1e66a245023bb588fdc17526de347c511,0x0000000000000000000000000000000000000000000000000000000000000001
0x7a515e339d482a0d45f969e07c5014ee70dde639843823c378d40e476be3b6c8,0x08f942df4f6841dfe3760b28e608566e943720c7f4bcaf3a9f279adb1f38007f,0x0000000000000000000000000000000000000000000000000000000000000008
0x7a515e339d482a0d45f969e07c5014ee70dde639843823c378d40e476be3b6c8,0x10d9dd018e4cae503383c9f804c1c1603ada5856ee7894375d9b97cd8c8b27db,0x0000000000000000000000000000000000000000000000000000000000000005
0x7a515e339d482a0d45f969e07c5014ee70dde639843823c378d40e476be3b6c8,0x1a6fb36aa62dd11577ef08239036482b0d8765903d639e168940fff8eb3551c2,0x0000000000000000000000000000000000000000000000000000000000000001
0x7a515e339d482a0d45f969e07c5014ee70dde639843823c378d40e476be3b6c8,0x22e39f61d1e4986b4f116cea9067f62cc77d74dff1780ae9c8b5166d1dd28829,0x0000000000000000000000000000000000000000000000000000000000000006
0x7a515e339d482a0d45f969e07c5014ee70dde639843823c378d40e476be3b6c8,0x2a32391a76c35a36352b711f9152c0d0a340cd686850c8ef25fbb11c71b89e7b,0x000000000000000000000000a5ff793be1efecc72645898bdfae4f4ada386b4e
0x7a515e339d482a0d45f969e07c5014ee70dde639843823c378d40e476be3b6c8,0x2c1fd36ba11b13b555f58753742999069764391f450ca8727fe8a3eeffe67775,0x0000000000000000000000000000000000000000000000000000000000000007
0x7a515e339d482a0d45f969e07c5014ee70dde639843823c378d40e476be3b6c8,0x3509097a4ac94f588c1162195a698307788184a268856b4737f490ae6c56af23,0x0000000000000000000000000000000000000000000000000000000000000009
0x7a515e339d482a0d45f969e07c5014ee70dde639843823c378d40e476be3b6c8,0x380cd35374b4f96f640393d2fc763b10d23bd0074eb3cc5776d72549437f0ec7,0x0000000000000000000000000000000000000000000000000000000000000003
0x7a515e339d482a0d45f969e07c5014ee70dde639843823c378d40e476be3b6c8,0x3e57c57b03145299956be61386751c5b285d460d484d5c2403a6be086d9d6baa,0x0000000000000000000000000000000000000000000000000000000000000009
0x7a515e339d482a0d45f969e07c5014ee70dde639843823c378d40e476be3b6c8,0x3e68a23a05ec8327dd90cdc8c4aa9cd06b4336bb27a19a8b5432e7bb1964dd32,0x0000000000000000000000000000000000000000000000000000000000000001
0x7a515e339d482a0d45f969e07c5014ee70dde639843823c378d40e476be3b6c8,0x41818b0727cc8f0ffa70903a54ef25c337fd6b6291245471fe9a5f0a2f0abf2a,0x0000000000000000000000000000000000000000000000000000000000000001
0x7a515e339d482a0d45f969e07c5014ee70dde639843823c378d40e476be3b6c8,0x425cbc924ff8ca870dc4a95538901ad693511d3e587806e2668130cd110cae6e,0x0000000000000000000000000000000000000000000000000000000000000007
0x7a515e339d482a0d45f969e07c5014ee70dde639843823c378d40e476be3b6c8,0x479b9caa7b45bac9e0c9d0597521639f103b8d00f961ad721f6b62eef1697897,0x0000000000000000000000000000000000000000000000000000000000000001
0x7a515e339d482a0d45f969e07c5014ee70dde639843823c378d40e476be3b6c8,0x4db623e5c4870b62d3fc9b4e8f893a1a77627d75ab45d9ff7e56ba19564af99b,0x000000000000000000000000d41be382ff47454cd2b88e4fcc4702efae196200
0x7a515e339d482a0d45f969e07c5014ee70dde639843823c378d40e476be3b6c8,0x4fce40ab7abfd824c15d0909910ab70df2d7380b7f18c9228db4f689b03784e0,0x0000000000000000000000000000000000000000000000000000000000000002
0x7a515e339d482a0d45f969e07c5014ee70dde639843823c378d40e476be3b6c8,0x541a7c8d6d417d2cb1d4915170b3c439b2d25ad216434c6cf1bea6a512fe785d,0x0000000000000000000000000000000000000000000000000000000000000001
0x7a515e339d482a0d45f969e07c5014ee70dde639843823c378d40e476be3b6c8,0x595010e33e863b63cce3020201cdabb0568f0d026306a4ee9c7c0af16e7ac263,0x0000000000000000000000000000000000000000000000000000000000000001
0x7a515e339d482a0d45f969e07c5014ee70dde639843823c378d40e476be3b6c8,0x614360a4369e2d4a4c8583230ea20b06d3ecce6a0e02a7f495c267f00fa7fb4c,0x0000000000000000000000000000000000000000000000000000000000000006
0x7a515e339d482a0d45f969e07c5014ee70dde639843823c378d40e476be3b6c8,0x6e1540171b6c0c960b71a7020d9f60077f6af931a8bbf590da0223dacf75c7af,0x0000000000000000000000000000000000000000000000000000000000000001
0x7a515e339d482a0d45f969e07c5014ee70dde639843823c378d40e476be3b6c8,0x6e1540171b6c0c960b71a7020d9f60077f6af931a8bbf590da0223dacf75c7b0,0x0000000000000000000000000000000000000000000000000000000000000002
0x7a515e339d482a0d45f969e07c5014ee70dde639843823c378d40e476be3b6c8,0x6e1540171b6c0c960b71a7020d9f60077f6af931a8bbf590da0223dacf75c7b1,0x0000000000000000000000000000000000000000000000000000000000000003
0x7a515e339d482a0d45f969e07c5014ee70dde639843823c378d40e476be3b6c8,0x6e1540171b6c0c960b71a7020d9f60077f6af931a8bbf590da0223dacf75c7b2,0x0000000000000000000000000000000000000000000000000000000000000004
0x7a515e339d482a0d45f969e07c5014ee70dde639843823c378d40e476be3b6c8,0x6e1540171b6c0c960b71a7020d9f60077f6af931a8bbf590da0223dacf75c7b3,0x0000000000000000000000000000000000000000000000000000000000000005
0x7a515e339d482a0d45f969e07c5014ee70dde639843823c378d40e476be3b6c8,0x6e1540171b6c0c960b71a7020d9f60077f6af931a8bbf590da0223dacf75c7b4,0x0000000000000000000000000000000000000000000000000000000000000006
0x7a515e339d482a0d45f969e07c5014ee70dde639843823c378d40e476be3b6c8,0x6e1540171b6c0c960b71a7020d9f60077f6af931a8bbf590da0223dacf75c7b5,0x0000000000000000000000000000000000000000000000000000000000000007
0x7a515e339d482a0d45f969e07c5014ee70dde639843823c378d40e476be3b6c8,0x6e1540171b6c0c960b71a7020d9f60077f6af931a8bbf590da0223dacf75c7b6,0x0000000000000000000000000000000000000000000000000000000000000008
0x7a515e339d482a0d45f969e07c5014ee70dde639843823c378d40e476be3b6c8,0x6e1540171b6c0c960b71a7020d9f60077f6af931a8bbf590da0223dacf75c7b7,0x0000000000000000000000000000000000000000000000000000000000000009
0x7a515e339d482a0d45f969e07c5014ee70dde639843823c378d40e476be3b6c8,0x6e1540171b6c0c960b71a7020d9f60077f6af931a8bbf590da0223dacf75c7b8,0x000000000000000000000000000000000000000000000000000000000000000a
0x7a515e339d482a0d45f969e07c5014ee70dde639843823c378d40e476be3b6c8,0x74a5fbcb419ab7dbacbb2c92a4e163730f0da5c72b911deecf4f05a6b327d0a4,0x000000000000000000000000ed8d755b0547f93d6b872cf8edef628e566096e6
0x7a515e339d482a0d45f969e07c5014ee70dde639843823c378d40e476be3b6c8,0x74e5c212a10ac715ba89516b1bc1fc240ab7f47ffca87f64701cd459e0c2ba92,0x0000000000000000000000000000000000000000000000000000000000000001
0x7a515e339d482a0d45f969e07c5014ee70dde639843823c378d40e476be3b6c8,0x77642090a9fdafe5c6ae3f3b2245db0648361d0abb960983372cf9d874541a32,0x0000000000000000000000000000000000000000000000000000000000000001
0x7a515e339d482a0d45f969e07c5014ee70dde639843823c378d40e476be3b6c8,0x7b396a084bbd27f9dfcc583444c17f4de4f32d196f4eb47b50eca7762d4e3f6b,0x0000000000000000000000000000000000000000000000000000000000000001
0x7a515e339d482a0d45f969e07c5014ee70dde639843823c378d40e476be3b6c8,0x7dfe757ecd65cbd7922a9c0161e935dd7fdbcc0e999689c7d31633896b1fc60b,0x00000000000000000000000049a1ca3d8c414aa50af84b12dd3a139c593f7296
0x7a515e339d482a0d45f969e07c5014ee70dde639843823c378d40e476be3b6c8,0x825eb4cda6b8b44578c55770496c59e6dc3cf2235f690bcdaf51a61898ceb284,0x0000000000000000000000000000000000000000000000000000000000000008
0x7a515e339d482a0d45f969e07c5014ee70dde639843823c378d40e476be3b6c8,0x8f331abe73332f95a25873e8b430885974c0409691f89d643119a11623a7924a,0x0000000000000000000000009f0014507cf90ee5966d5cebc452eda5de413497
0x7a515e339d482a0d45f969e07c5014ee70dde639843823c378d40e476be3b6c8,0x96949e5ecd42a441f5d9717f320aec52fdaf330b88e3e4b998511443193f0028,0x0000000000000000000000000000000000000000000000000000000000000004
0x7a515e339d482a0d45f969e07c5014ee70dde639843823c378d40e476be3b6c8,0x996e9e16c4bd659163eb3db50214592cbdf785b8ab334e3fdd53d81881a2c8bc,0x0000000000000000000000000000000000000000000000000000000000000001
0x7a515e339d482a0d45f969e07c5014ee70dde639843823c378d40e476be3b6c8,0x9e742563524bf4e17bbcefd2ab4763d4e3b1fa59e87c7e43a4a6e323bb60daf8,0x0000000000000000000000000000000000000000000000000000000000000001
0x7a515e339d482a0d45f969e07c5014ee70dde639843823c378d40e476be3b6c8,0xa856840544dc26124927add067d799967eac11be13e14d82cc281ea46fa39759,0x0000000000000000000000000000000000000000000000000000000000000002
0x7a515e339d482a0d45f969e07c5014ee70dde639843823c378d40e476be3b6c8,0xaa075b4b9a76e887b289a011a2e24d3ebdca79297fa95032fe29f1a38f2b5d46,0x0000000000000000000000000000000000000000000000000000000000000005
0x7a515e339d482a0d45f969e07c5014ee70dde639843823c378d40e476be3b6c8,0xb73e395adc6f63725ab0cac90b1efa35e29443a561f26217060f290f9815b071,0x0000000000000000000000000000000000000000000000000000000000000001
0x7a515e339d482a0d45f969e07c5014ee70dde639843823c378d40e476be3b6c8,0xbff4442b8ed600beeb8e26b1279a0f0d14c6edfaec26d968ee13c86f7d4c2ba8,0x0000000000000000000000000000000000000000000000000000000000000001
0x7a515e339d482a0d45f969e07c5014ee70dde639843823c378d40e476be3b6c8,0xc6f73d7d98bc9635cdf418e48a71f831acc1ae5a0f8b0a3425f6a004eb8af08d,0x0000000000000000000000000000000000000000000000000000000000000001
0x7a515e339d482a0d45f969e07c5014ee70dde639843823c378d40e476be3b6c8,0xc92eab79d42a28fc0f6954bcbf350ba629365b2849dd3192b547ae9b99a0734b,0x0000000000000000000000000000000000000000000000000000000000000001
0x7a515e339d482a0d45f969e07c5014ee70dde639843823c378d40e476be3b6c8,0xcc69885fda6bcc1a4ace058b4a62bf5e179ea78fd58a1ccd71c22cc9b688792f,0x0000000000000000000000009096ce5b2de6a1e66c0735b25d6f90af3b982715
0x7a515e339d482a0d45f969e07c5014ee70dde639843823c378d40e476be3b6c8,0xd6a000520ad6ba74ccaaabff0f7d0549b42fe38ccf3b8a6765267ca28e297f3b,0x0000000000000000000000000000000000000000000000000000000000000001
0x7a515e339d482a0d45f969e07c5014ee70dde639843823c378d40e476be3b6c8,0xd7678ab22f2b6c2e6244ae179879d15d6b23025c5ec3a6ba04bb669a25dd8a2e,0x0000000000000000000000000000000000000000000000000000000000000001
0x7a515e339d482a0d45f969e07c5014ee70dde639843823c378d40e476be3b6c8,0xd9d16d34ffb15ba3a3d852f0d403e2ce1d691fb54de27ac87cd2f993f3ec330f,0x000000000000000000000000e2456f9ff4ba4edfe2be202a2b258ab0a0be1bb9
0x7a515e339d482a0d45f969e07c5014ee70dde639843823c378d40e476be3b6c8,0xdc686ec4a0ff239c70e7c7c36e8f853eced3bc8618f48d2b816da2a74311237e,0x000000000000000000000000f15ceb5210f1120c53c89a2c3affd872e4d9d92c
0x7a515e339d482a0d45f969e07c5014ee70dde639843823c378d40e476be3b6c8,0xe1eb2b2161a492c07c5a334e48012567cba93ec021043f53c1955516a3c5a841,0x0000000000000000000000000000000000000000000000000000000000000003
0x7a515e339d482a0d45f969e07c5014ee70dde639843823c378d40e476be3b6c8,0xe2689cd4a84e23ad2f564004f1c9013e9589d260bde6380aba3ca7e09e4df40c,0x000000000000000000000000b5fcb552272b369497347c7986433e3464637999
0x7a515e339d482a0d45f969e07c5014ee70dde639843823c378d40e476be3b6c8,0xeb3e1ff8fd5c96300a9940538528dbc7cc3869e3f86096d62893b17c2813d8f3,0x0000000000000000000000000000000000000000000000000000000000000001
0x7a515e339d482a0d45f969e07c5014ee70dde639843823c378d40e476be3b6c8,0xedc95719e9a3b28dd8e80877cb5880a9be7de1a13fc8b05e7999683b6b567643,0x000000000000000000000000c7027512f95807c060ec0d81833ecba7be6c31cb
0x7a515e339d482a0d45f969e07c5014ee70dde639843823c378d40e476be3b6c8,0xf35035bc2b01d44bd35a1dcdc552315cffb73da35cfd60570b7b777f98036f9f,0x0000000000000000000000000000000000000000000000000000000000000004
0x7a515e339d482a0d45f969e07c5014ee70dde639843823c378d40e476be3b6c8,0xf687c9a499631ad53b70df1f35edd2cf45c7af4186651faee8ed35db5c5c79e3,0x0000000000000000000000000000000000000000000000000000000000000001
0x7a515e339d482a0d45f969e07c5014ee70dde639843823c378d40e476be3b6c8,0xfa587c23fc62cc15c6b0b57e683088820eb3f45da63b8cb1e1be76bf48425540,0x0000000000000000000000000000000000000000000000000000000000000001
0xfdde2b6b95b511d1653b9934a68ea2afcd087a5f137653baaa3518be52653245,0x0000000000000000000000000000000000000000000000000000000000000009,0x0000000000000000000000000000000000000000000000000000000000000014
0xfdde2b6b95b511d1653b9934a68ea2afcd087a5f137653baaa3518be52653245,0x0445b027b4736da6fc26bca418bbe789f055520c8c13c2405c775b453e21acf0,0x0000000000000000000000000000000000000000000000000000000000000001
0xfdde2b6b95b511d1653b9934a68ea2afcd087a5f137653baaa3518be52653245,0x0d13079da718b9e9f7266234a4a7eda06739f482c9841628be01884e04e65d56,0x0000000000000000000000000000000000000000000000000000000000000014
0xfdde2b6b95b511d1653b9934a68ea2afcd087a5f137653baaa3518be52653245,0x1063e8e27a46602f2cf5efe54a6f37c939566cc93507d4c402b1ab61967baeed,0x000000000000000000000000000000000000000000000000000000000000000f
0xfdde2b6b95b511d1653b9934a68ea2afcd087a5f137653baaa3518be52653245,0x12bd632ff333b55931f9f8bda8b4ed27e86687f88c95871969d72474fb428c14,0x0000000000000000000000009e5c79bdc052db78a1d0d1c71b3aeb9004a870e9
0xfdde2b6b95b511d1653b9934a68ea2afcd087a5f137653baaa3518be52653245,0x14f858220e22c02a0023a7b45295cfa2e9cf9a66ce7cf68a066836b2a561f32d,0x0000000000000000000000000000000000000000000000000000000000000001
0xfdde2b6b95b511d1653b9934a68ea2afcd087a5f137653baaa3518be52653245,0x23acff1d642bb5cbf961c3c9cbafca596684f33f11d4dbd6efb89f59ae630a2b,0x000000000000000000000000000000000000000000000000000000000000000c
0xfdde2b6b95b511d1653b9934a68ea2afcd087a5f137653baaa3518be52653245,0x23bf72df16f8335be9a3eddfb5ef1c739b12847d13a384ec83f578699d38eb89,0x000000000000000000000000311c240800adf563d6f022e1178b3a9e9e19832f
0xfdde2b6b95b511d1653b9934a68ea2afcd087a5f137653baaa3518be52653245,0x2da78e22974d8ef99e539b6954c318fdaae3b3f70c76c5a84e18408a101046b6,0x0000000000000000000000000000000000000000000000000000000000000001
0xfdde2b6b95b511d1653b9934a68ea2afcd087a5f137653baaa3518be52653245,0x2e60ceb69e96fe6481ce9457171ef3f030bf0150171842d8842b77cad9c3b355,0x0000000000000000000000000000000000000000000000000000000000000012
0xfdde2b6b95b511d1653b9934a68ea2afcd087a5f137653baaa3518be52653245,0x3e9dea64816f3bdf6f5fe86318e0f1c5c355e437a9a2485d2c0075596359285c,0x0000000000000000000000000000000000000000000000000000000000000013
0xfdde2b6b95b511d1653b9934a68ea2afcd087a5f137653baaa3518be52653245,0x3f384390a9e220b642e69380e30b0ae0ade0da9a93666c0aa64f4dd36418a32b,0x0000000000000000000000000000000000000000000000000000000000000001
0xfdde2b6b95b511d1653b9934a68ea2afcd087a5f137653baaa3518be52653245,0x4009ecaf7286b6414db50ccc4d746bb552e59cd9516c0443e2c045a188e46f3f,0x0000000000000000000000000000000000000000000000000000000000000001
0xfdde2b6b95b511d1653b9934a68ea2afcd087a5f137653baaa3518be52653245,0x40165e7164257b249280bf839a50283d248062ed7b0e6d8820cb6c506bfcf7d3,0x000000000000000000000000cb26b14c1719b5d968e948afc6c4dd45f61afb00
0xfdde2b6b95b511d1653b9934a68ea2afcd087a5f137653baaa3518be52653245,0x414eb45781b980f19a019e13ff2000c648ef61ea388d58596877d77e34327a7c,0x0000000000000000000000000000000000000000000000000000000000000001
0xfdde2b6b95b511d1653b9934a68ea2afcd087a5f137653baaa3518be52653245,0x41cb80f82badddd72e38fda86a7cbba38fafd9735ef98c7795abbbaf2b149562,0x000000000000000000000000f055a3888555e7aeca8756e2c0c4b64b73116cf1
0xfdde2b6b95b511d1653b9934a68ea2afcd087a5f137653baaa3518be52653245,0x445bfbd4ea705809fb3ff88eca97649c60b18352e8beb4f9a10af709840f314b,0x0000000000000000000000000000000000000000000000000000000000000001
0xfdde2b6b95b511d1653b9934a68ea2afcd087a5f137653baaa3518be52653245,0x467a5c61216cad3003bc3395c339807c735d5c3d989ca4bc0ef2a37e14ce2679,0x0000000000000000000000000117ba2ed91cfad7b909be3c99730a63c2d58ebc
0xfdde2b6b95b511d1653b9934a68ea2afcd087a5f137653baaa3518be52653245,0x554d1e1c7d658e5c8a6983d4a99acdd993ba3ea367f59fdb9f3544d048eb222d,0x0000000000000000000000000000000000000000000000000000000000000012
0xfdde2b6b95b511d1653b9934a68ea2afcd087a5f137653baaa3518be52653245,0x57aaafa65c4e563d39fff90096a5fa76d42117f53d87ef870784e64d63a8a16b,0x000000000000000000000000d5d3207ed1d87c3695e8e85b96a2c46585165000
0xfdde2b6b95b511d1653b9934a68ea2afcd087a5f137653baaa3518be52653245,0x6897f7abd6dd1cdadc54053eadd43591cb691e018c5548f7fae6a2ccc0a34333,0x0000000000000000000000000000000000000000000000000000000000000001
0xfdde2b6b95b511d1653b9934a68ea2afcd087a5f137653baaa3518be52653245,0x6e1540171b6c0c960b71a7020d9f60077f6af931a8bbf590da0223dacf75c7b9,0x000000000000000000000000000000000000000000000000000000000000000b
0xfdde2b6b95b511d1653b9934a68ea2afcd087a5f137653baaa3518be52653245,0x6e1540171b6c0c960b71a7020d9f60077f6af931a8bbf590da0223dacf75c7ba,0x000000000000000000000000000000000000000000000000000000000000000c
0xfdde2b6b95b511d1653b9934a68ea2afcd087a5f137653baaa3518be52653245,0x6e1540171b6c0c960b71a7020d9f60077f6af931a8bbf590da0223dacf75c7bb,0x000000000000000000000000000000000000000000000000000000000000000d
0xfdde2b6b95b511d1653b9934a68ea2afcd087a5f137653baaa3518be52653245,0x6e1540171b6c0c960b71a7020d9f60077f6af931a8bbf590da0223dacf75c7bc,0x000000000000000000000000000000000000000000000000000000000000000e
0xfdde2b6b95b511d1653b9934a68ea2afcd087a5f137653baaa3518be52653245,0x6e1540171b6c0c960b71a7020d9f60077f6af931a8bbf590da0223dacf75c7bd,0x000000000000000000000000000000000000000000000000000000000000000f
0xfdde2b6b95b511d1653b9934a68ea2afcd087a5f137653baaa3518be52653245,0x6e1540171b6c0c960b71a7020d9f60077f6af931a8bbf590da0223dacf75c7be,0x0000000000000000000000000000000000000000000000000000000000000010
0xfdde2b6b95b511d1653b9934a68ea2afcd087a5f137653baaa3518be52653245,0x6e1540171b6c0c960b71a7020d9f60077f6af931a8bbf590da0223dacf75c7bf,0x0000000000000000000000000000000000000000000000000000000000000011
0xfdde2b6b95b511d1653b9934a68ea2afcd087a5f137653baaa3518be52653245,0x6e1540171b6c0c960b71a7020d9f60077f6af931a8bbf590da0223dacf75c7c0,0x0000000000000000000000000000000000000000000000000000000000000012
0xfdde2b6b95b511d1653b9934a68ea2afcd087a5f137653baaa3518be52653245,0x6e1540171b6c0c960b71a7020d9f60077f6af931a8bbf590da0223dacf75c7c1,0x0000000000000000000000000000000000000000000000000000000000000013
0xfdde2b6b95b511d1653b9934a68ea2afcd087a5f137653baaa3518be52653245,0x6e1540171b6c0c960b71a7020d9f60077f6af931a8bbf590da0223dacf75c7c2,0x0000000000000000000000000000000000000000000000000000000000000014
0xfdde2b6b95b511d1653b9934a68ea2afcd087a5f137653baaa3518be52653245,0x737ed7a9daa2bb6520492e63ede63c7a3adf3b8939232b2abedb6492d5fef513,0x0000000000000000000000000000000000000000000000000000000000000001
0xfdde2b6b95b511d1653b9934a68ea2afcd087a5f137653baaa3518be52653245,0x755311b9e2cee471a91b161ccc5deed933d844b5af2b885543cc3c04eb640983,0x000000000000000000000000027bbf8e450dec27a504bd18d5b68e1c7376e5bf
0xfdde2b6b95b511d1653b9934a68ea2afcd087a5f137653baaa3518be52653245,0x7869bea33a663b92601f0f91f21ffb31e8e5ac65363b233a8894774886c5aaaa,0x0000000000000000000000000000000000000000000000000000000000000001
0xfdde2b6b95b511d1653b9934a68ea2afcd087a5f137653baaa3518be52653245,0x80283cfdc74729ecb224822f7a02837fb1d52df7cc3435ae86bb6e025f6e06fa,0x000000000000000000000000000000000000000000000000000000000000000b
0xfdde2b6b95b511d1653b9934a68ea2afcd087a5f137653baaa3518be52653245,0x86b3fa87ee245373978e0d2d334dbde866c9b8b039036b87c5eb2fd89bcb6bab,0x0000000000000000000000008b8bb51d48a1b0569aef1e6026e957b4ca2a0b71
0xfdde2b6b95b511d1653b9934a68ea2afcd087a5f137653baaa3518be52653245,0x95e5396155afd2ec086edc0518f3069d6ba131fb95388521b3342aebbda916f0,0x000000000000000000000000000000000000000000000000000000000000000d
0xfdde2b6b95b511d1653b9934a68ea2afcd087a5f137653baaa3518be52653245,0x96c27c7211b379538d4599029ba29047b8ccf595eedaba37e4ab36f6b5632dac,0x000000000000000000000000000000000000000000000000000000000000000f
0xfdde2b6b95b511d1653b9934a68ea2afcd087a5f137653baaa3518be52653245,0x96c94070a261449c888cfb31ddd6716e50d52e263f7a74a5eeb34ee8b4241016,0x0000000000000000000000000000000000000000000000000000000000000011
0xfdde2b6b95b511d1653b9934a68ea2afcd087a5f137653baaa3518be52653245,0x993310a8d824edc71d0ef8efce31d1e3c8752fdec5355e4a35fb3c1c06f7d6e0,0x0000000000000000000000000000000000000000000000000000000000000001
0xfdde2b6b95b511d1653b9934a68ea2afcd087a5f137653baaa3518be52653245,0x99728e10693236f5044f3849facfb17631b85f88d25e4303530dad1e4fb21cee,0x000000000000000000000000000000000000000000000000000000000000000d
0xfdde2b6b95b511d1653b9934a68ea2afcd087a5f137653baaa3518be52653245,0xa3a95c75511623053e7048aadef1c2092797ca5431ae2b5c7642fd9e486772f0,0x0000000000000000000000000000000000000000000000000000000000000001
0xfdde2b6b95b511d1653b9934a68ea2afcd087a5f137653baaa3518be52653245,0xa57a20d80b61f93ce38e6c3d28a680ce70be0217f6bb8de20adb3ce765259279,0x0000000000000000000000000000000000000000000000000000000000000001
0xfdde2b6b95b511d1653b9934a68ea2afcd087a5f137653baaa3518be52653245,0xa760e318ad3d4b0c581ff857689c27b5dd97dc2e0f733717acf12ac15450aaf6,0x000000000000000000000000000000000000000000000000000000000000000e
0xfdde2b6b95b511d1653b9934a68ea2afcd087a5f137653baaa3518be52653245,0xb3569174ca605aeef264a9f01151dace4275a70316034aaf090d8468560f043b,0x000000000000000000000000000000000000000000000000000000000000000a
0xfdde2b6b95b511d1653b9934a68ea2afcd087a5f137653baaa3518be52653245,0xb4d80d5ab0dba3867f4c70f2ed946ac3f32a5af182676faf46c45ba6b2f6959e,0x0000000000000000000000000000000000000000000000000000000000000001
0xfdde2b6b95b511d1653b9934a68ea2afcd087a5f137653baaa3518be52653245,0xbe5abd1d434bc50659097c68e848c290df826ccbe2c4c1d2e4f33bcccc7fe499,0x0000000000000000000000000000000000000000000000000000000000000001
0xfdde2b6b95b511d1653b9934a68ea2afcd087a5f137653baaa3518be52653245,0xbf7d86c45646cf6d6b8e526019a47055e10a756aa552767394cd470d2a11aaa5,0x0000000000000000000000000000000000000000000000000000000000000001
0xfdde2b6b95b511d1653b9934a68ea2afcd087a5f137653baaa3518be52653245,0xc4b480e8592badd71947707cf66087a26c8102e80d48b168a6a55e25221832d3,0x0000000000000000000000000000000000000000000000000000000000000001
0xfdde2b6b95b511d1653b9934a68ea2afcd087a5f137653baaa3518be52653245,0xc5c2b17ace4fcac005542a0a50d8932fc28b9d50b7e4925e5b7ce40eede0c447,0x000000000000000000000000000000000000000000000000000000000000000c
0xfdde2b6b95b511d1653b9934a68ea2afcd087a5f137653baaa3518be52653245,0xc635444653b0e8ba342a5b8a8d63aefc49f316fdca4d1af419303fdb5bd48b70,0x000000000000000000000000000000000000000000000000000000000000000b
0xfdde2b6b95b511d1653b9934a68ea2afcd087a5f137653baaa3518be52653245,0xc8d233a0ebef7c9a17d2b0b17eea62cca39002a128ccf419119b4a1a1f1e7428,0x00000000000000000000000065fa137b3e1cd4d53f37df1285a4218cfed35fb7
0xfdde2b6b95b511d1653b9934a68ea2afcd087a5f137653baaa3518be52653245,0xcb2ab3194121fd9f278c325f5aa62d04cf3be1a5ffbf0705583fffc183afa3af,0x0000000000000000000000000000000000000000000000000000000000000011
0xfdde2b6b95b511d1653b9934a68ea2afcd087a5f137653baaa3518be52653245,0xcc8dc71342d3ea7c205feea2d040f8f577a07edda8d6b43a4daf11d5e7fd280a,0x000000000000000000000000000000000000000000000000000000000000000e
0xfdde2b6b95b511d1653b9934a68ea2afcd087a5f137653baaa3518be52653245,0xccf7b5b78a2bf3916c7f9a91c972233e859633eb04e80a6cdce70852ca34f011,0x0000000000000000000000000000000000000000000000000000000000000001
0xfdde2b6b95b511d1653b9934a68ea2afcd087a5f137653baaa3518be52653245,0xd1bfa665ff0a0ee81f20833500dfc80ed4b576a9d481e6c7f2cd8243b94238e8,0x0000000000000000000000000000000000000000000000000000000000000010
0xfdde2b6b95b511d1653b9934a68ea2afcd087a5f137653baaa3518be52653245,0xe26753b189aa1ce3ed948d5c603461d6d3ff1f72283c8094e56d61dea7312379,0x0000000000000000000000000000000000000000000000000000000000000001
0xfdde2b6b95b511d1653b9934a68ea2afcd087a5f137653baaa3518be52653245,0xf78db0549aead6621ec87aae05d7bab2ff4f1610fb2a5da9b0d8e5ca932cbe20,0x0000000000000000000000000000000000000000000000000000000000000013
0xfdde2b6b95b511d1653b9934a68ea2afcd087a5f137653baaa3518be52653245,0xf7f71dd3e4861f9c43bbad98473485fb7ef95543dd1d8757337943cc2429e453,0x0000000000000000000000000000000000000000000000000000000000000010
0xfdde2b6b95b511d1653b9934a68ea2afcd087a5f137653baaa3518be52653245,0xfc80cd5fe514767bc6e66ec558e68a5429ea70b50fa6caa3b53fc9278e918632,0x000000000000000000000000df95c4fb792d1dfd85af5bd9c97125387ab7be8e
0xfdde2b6b95b511d1653b9934a68ea2afcd087a5f137653baaa3518be52653245,0xffcb1a99511501a799396f05fcc2dc1886126de7a49fbfdc85d9ac3dcb2ff176,0x0000000000000000000000000000000000000000000000000000000000000001
0x1c1954500c0cc8901b87c1ecdb8f6105010aa3fd079b64f2bbbcd0d41b26b8d0,0x0000000000000000000000000000000000000000000000000000000000000009,0x000000000000000000000000000000000000000000000000000000000000001e
0x1c1954500c0cc8901b87c1ecdb8f6105010aa3fd079b64f2bbbcd0d41b26b8d0,0x02d9f8353bca53bc9b195aa186ab6d98b49a9120c00257ee2c7d860c26f864ea,0x00000000000000000000000040ce19468602268e74ebb7c4c61b4a246e5fd1a7
0x1c1954500c0cc8901b87c1ecdb8f6105010aa3fd079b64f2bbbcd0d41b26b8d0,0x0443e08958b5d5ec38a8acc1fd28fcca6c358479bd853721dc1be0902ddd94f2,0x0000000000000000000000000000000000000000000000000000000000000001
0x1c1954500c0cc8901b87c1ecdb8f6105010aa3fd079b64f2bbbcd0d41b26b8d0,0x14249a6520ed8cf80865485f5abd5649c9b75ab07ded642d086d759099942e00,0x0000000000000000000000000000000000000000000000000000000000000016
0x1c1954500c0cc8901b87c1ecdb8f6105010aa3fd079b64f2bbbcd0d41b26b8d0,0x1722be5def2cea03a513d20b9ef471eb355d33f3c504747c388749c98f2d4222,0x0000000000000000000000000000000000000000000000000000000000000015
0x1c1954500c0cc8901b87c1ecdb8f6105010aa3fd079b64f2bbbcd0d41b26b8d0,0x2480fe25ee21f0b2bc289ccff6df415947190b288094ab9f0cbd50f7b814fd5e,0x0000000000000000000000000d786847174e95d73e5efb29402baa9ac0e17331
0x1c1954500c0cc8901b87c1ecdb8f6105010aa3fd079b64f2bbbcd0d41b26b8d0,0x249b1d3cfb4effd75ec090079aca828f0f6364934de914dbc85489c8a048df20,0x0000000000000000000000000000000000000000000000000000000000000001
0x1c1954500c0cc8901b87c1ecdb8f6105010aa3fd079b64f2bbbcd0d41b26b8d0,0x25e502e78b139775ff4cab12240b24d2a7a54d3a762e6cbe5d8e487e3fc37c10,0x0000000000000000000000000000000000000000000000000000000000000019
0x1c1954500c0cc8901b87c1ecdb8f6105010aa3fd079b64f2bbbcd0d41b26b8d0,0x2b00120b81607971383f6f5676c1551d6bb27be3f263689fd3630e1a5be14018,0x000000000000000000000000503b236e371a46914b2645c62377939fcb79e528
0x1c1954500c0cc8901b87c1ecdb8f6105010aa3fd079b64f2bbbcd0d41b26b8d0,0x3087163455d40c2a16947527f1a86948a5e7ff7de9ba68924df713830e5e615a,0x000000000000000000000000000000000000000000000000000000000000001a
0x1c1954500c0cc8901b87c1ecdb8f6105010aa3fd079b64f2bbbcd0d41b26b8d0,0x31ff9da46623ded696608610c3749320b1cb2c2dfd644b1139da5367a8e616cf,0x000000000000000000000000efb3276f8c86100d6eb7881f22a88b08a73ea804
0x1c1954500c0cc8901b87c1ecdb8f6105010aa3fd079b64f2bbbcd0d41b26b8d0,0x35ecfc174adc8180e4852ecd39c15bdb0ab4f5eec16ac0308d8c744351d96e77,0x0000000000000000000000000000000000000000000000000000000000000001
0x1c1954500c0cc8901b87c1ecdb8f6105010aa3fd079b64f2bbbcd0d41b26b8d0,0x373153a07695a64259a1b6310153bd959f847dd27c471f17c20913e7d0060046,0x0000000000000000000000000000000000000000000000000000000000000001
0x1c1954500c0cc8901b87c1ecdb8f6105010aa3fd079b64f2bbbcd0d41b26b8d0,0x39c12fc4f65c08d2961e20ab9bc18df4acbbdf98829d6cd7060fccb5e8535c7b,0x000000000000000000000000000000000000000000000000000000000000001c
0x1c1954500c0cc8901b87c1ecdb8f6105010aa3fd079b64f2bbbcd0d41b26b8d0,0x3f4bcb5abec2319dd587ad2d214d39561ea0e7d65a6da6ef5cb0471afc91295b,0x000000000000000000000000000000000000000000000000000000000000001b
0x1c1954500c0cc8901b87c1ecdb8f6105010aa3fd079b64f2bbbcd0d41b26b8d0,0x406976ab9c42b302fb0fda4317be6c703bf214bdb84385bf0a2ef1789ab05561,0x0000000000000000000000000000000000000000000000000000000000000001
0x1c1954500c0cc8901b87c1ecdb8f6105010aa3fd079b64f2bbbcd0d41b26b8d0,0x4a1750cda950c93d5f15bd660254a35670c20c18b51f5a528fae7ed646b91261,0x0000000000000000000000000000000000000000000000000000000000000001
0x1c1954500c0cc8901b87c1ecdb8f6105010aa3fd079b64f2bbbcd0d41b26b8d0,0x4e788733fe0bff9af5f3e3a353367490c603293e53707fe7e4e0071b9ed497d6,0x000000000000000000000000e1bf61295d2c8bdd11ee52facf2a7933749a490f
0x1c1954500c0cc8901b87c1ecdb8f6105010aa3fd079b64f2bbbcd0d41b26b8d0,0x503cf02d61f13554e6622765b77684916d81623921ca87abee621f0dea463449,0x0000000000000000000000000000000000000000000000000000000000000017
0x1c1954500c0cc8901b87c1ecdb8f6105010aa3fd079b64f2bbbcd0d41b26b8d0,0x5127842a71101da9b1eef338da3b8781c6a54ebd287621419cd68b8b12ded660,0x000000000000000000000000000000000000000000000000000000000000001e
0x1c1954500c0cc8901b87c1ecdb8f6105010aa3fd079b64f2bbbcd0d41b26b8d0,0x579cf2be734d9b04ae69aa2ac47f7d57a73216e05f35a9c951916f461f31449d,0x000000000000000000000000000000000000000000000000000000000000001d
0x1c1954500c0cc8901b87c1ecdb8f6105010aa3fd079b64f2bbbcd0d41b26b8d0,0x58eabfc6c6a324cc75bfcaeffc773767a07937c8036f6547e24447513c1e4c67,0x000000000000000000000000000000000000000000000000000000000000001d
0x1c1954500c0cc8901b87c1ecdb8f6105010aa3fd079b64f2bbbcd0d41b26b8d0,0x642d1698d699f437c2fc90292f7da44792011600898001890ed7f13178e25636,0x0000000000000000000000000000000000000000000000000000000000000001
0x1c1954500c0cc8901b87c1ecdb8f6105010aa3fd079b64f2bbbcd0d41b26b8d0,0x68fb8e7cad479ccc9244a179d64897454189fd25db04e15d3a5135327a17597b,0x000000000000000000000000c42c69242024b036dfd809f8294a8e34628148bb
0x1c1954500c0cc8901b87c1ecdb8f6105010aa3fd079b64f2bbbcd0d41b26b8d0,0x6e1540171b6c0c960b71a7020d9f60077f6af931a8bbf590da0223dacf75c7c3,0x0000000000000000000000000000000000000000000000000000000000000015
0x1c1954500c0cc8901b87c1ecdb8f6105010aa3fd079b64f2bbbcd0d41b26b8d0,0x6e1540171b6c0c960b71a7020d9f60077f6af931a8bbf590da0223dacf75c7c4,0x0000000000000000000000000000000000000000000000000000000000000016
0x1c1954500c0cc8901b87c1ecdb8f6105010aa3fd079b64f2bbbcd0d41b26b8d0,0x6e1540171b6c0c960b71a7020d9f60077f6af931a8bbf590da0223dacf75c7c5,0x0000000000000000000000000000000000000000000000000000000000000017
0x1c1954500c0cc8901b87c1ecdb8f6105010aa3fd079b64f2bbbcd0d41b26b8d0,0x6e1540171b6c0c960b71a7020d9f60077f6af931a8bbf590da0223dacf75c7c6,0x0000000000000000000000000000000000000000000000000000000000000018
0x1c1954500c0cc8901b87c1ecdb8f6105010aa3fd079b64f2bbbcd0d41b26b8d0,0x6e1540171b6c0c960b71a7020d9f60077f6af931a8bbf590da0223dacf75c7c7,0x0000000000000000000000000000000000000000000000000000000000000019
0x1c1954500c0cc8901b87c1ecdb8f6105010aa3fd079b64f2bbbcd0d41b26b8d0,0x6e1540171b6c0c960b71a7020d9f60077f6af931a8bbf590da0223dacf75c7c8,0x000000000000000000000000000000000000000000000000000000000000001a
0x1c1954500c0cc8901b87c1ecdb8f6105010aa3fd079b64f2bbbcd0d41b26b8d0,0x6e1540171b6c0c960b71a7020d9f60077f6af931a8bbf590da0223dacf75c7c9,0x000000000000000000000000000000000000000000000000000000000000001b
0x1c1954500c0cc8901b87c1ecdb8f6105010aa3fd079b64f2bbbcd0d41b26b8d0,0x6e1540171b6c0c960b71a7020d9f60077f6af931a8bbf590da0223dacf75c7ca,0x000000000000000000000000000000000000000000000000000000000000001c
0x1c1954500c0cc8901b87c1ecdb8f6105010aa3fd079b64f2bbbcd0d41b26b8d0,0x6e1540171b6c0c960b71a7020d9f60077f6af931a8bbf590da0223dacf75c7cb,0x000000000000000000000000000000000000000000000000000000000000001d
0x1c1954500c0cc8901b87c1ecdb8f6105010aa3fd079b64f2bbbcd0d41b26b8d0,0x6e1540171b6c0c960b71a7020d9f60077f6af931a8bbf590da0223dacf75c7cc,0x000000000000000000000000000000000000000000000000000000000000001e
0x1c1954500c0cc8901b87c1ecdb8f6105010aa3fd079b64f2bbbcd0d41b26b8d0,0x7206804eee71b1705b2ebdc98e703bf07b0f4c0f02e3e11e04bfaa74de537586,0x0000000000000000000000000000000000000000000000000000000000000014
0x1c1954500c0cc8901b87c1ecdb8f6105010aa3fd079b64f2bbbcd0d41b26b8d0,0x74cd1ae324a934dbc9e56fe8d883aacf164b157d0400918c29828424f5b6e33f,0x000000000000000000000000000000000000000000000000000000000000001a
0x1c1954500c0cc8901b87c1ecdb8f6105010aa3fd079b64f2bbbcd0d41b26b8d0,0x7f1fc346acb2036e5b5f0fbe8156aceadc762d61540488c54e7331f45ffd20c1,0x0000000000000000000000000000000000000000000000000000000000000019
0x1c1954500c0cc8901b87c1ecdb8f6105010aa3fd079b64f2bbbcd0d41b26b8d0,0x80f14989282b60fa53cdd4f20dddf40419d0398091709cceef4ea6608cb53a86,0x00000000000000000000000001cc72b148d2193b29752c29a657378f50d13cdd
0x1c1954500c0cc8901b87c1ecdb8f6105010aa3fd079b64f2bbbcd0d41b26b8d0,0x851f73f7125b7d7c14dc287f4bc29ddd916b6a89c6e09d2d4eabc50246e91812,0x0000000000000000000000000000000000000000000000000000000000000018
0x1c1954500c0cc8901b87c1ecdb8f6105010aa3fd079b64f2bbbcd0d41b26b8d0,0x870d751166f81a6730c1bdc0324308ac0e6d8749b187f44cbe65aaac8d74e85a,0x0000000000000000000000000000000000000000000000000000000000000001
0x1c1954500c0cc8901b87c1ecdb8f6105010aa3fd079b64f2bbbcd0d41b26b8d0,0x8c1b76b42ba80146c3dacf4aaff3afc22fecbe121e1db99d361404cb4d139d9d,0x0000000000000000000000000000000000000000000000000000000000000001
0x1c1954500c0cc8901b87c1ecdb8f6105010aa3fd079b64f2bbbcd0d41b26b8d0,0x8d5b45aa21e21af99a0ba8975457feb90ec83bd0882294ff445d3f7968f37270,0x0000000000000000000000000000000000000000000000000000000000000001
0x1c1954500c0cc8901b87c1ecdb8f6105010aa3fd079b64f2bbbcd0d41b26b8d0,0x921fa0f501318a1ceee74bbdbf052b4fda8853608bedd9031c667e9a3b29cf22,0x0000000000000000000000000000000000000000000000000000000000000001
0x1c1954500c0cc8901b87c1ecdb8f6105010aa3fd079b64f2bbbcd0d41b26b8d0,0x964ea767231031507a3f70c59b06c72a2054875e2bc2938da2a55d8f6cb774eb,0x000000000000000000000000000000000000000000000000000000000000001b
0x1c1954500c0cc8901b87c1ecdb8f6105010aa3fd079b64f2bbbcd0d41b26b8d0,0xa3e67994652a30fb3baf6e51cb8fc5f5bdfb4d10aec500fb84f18d4b722974c8,0x0000000000000000000000000000000000000000000000000000000000000001
0x1c1954500c0cc8901b87c1ecdb8f6105010aa3fd079b64f2bbbcd0d41b26b8d0,0xac365ed4100b43d1cdf4a0bdcfe41a08051e23062540e75838ef8148c845cf1c,0x0000000000000000000000000000000000000000000000000000000000000001
0x1c1954500c0cc8901b87c1ecdb8f6105010aa3fd079b64f2bbbcd0d41b26b8d0,0xbbd0485102a968290fab1e7ca03412e0aa5d765a9c098a30ea76459cf35d49bb,0x0000000000000000000000000000000000000000000000000000000000000015
0x1c1954500c0cc8901b87c1ecdb8f6105010aa3fd079b64f2bbbcd0d41b26b8d0,0xbdbfd5fe12b0725f9a86effbf0320821eb71455f8b2a1271fae01b3621e6f172,0x000000000000000000000000aa2b8414757294b18e9c50cc4da07b56f6f4c809
0x1c1954500c0cc8901b87c1ecdb8f6105010aa3fd079b64f2bbbcd0d41b26b8d0,0xc1e5bbf37a5889d9bcf153001b2cea8f1448d7e663b34a57cd81efe4a1411f11,0x0000000000000000000000000000000000000000000000000000000000000018
0x1c1954500c0cc8901b87c1ecdb8f6105010aa3fd079b64f2bbbcd0d41b26b8d0,0xd0eeb4f1ea2a17ae7e02166627cefac374f4df1d61d9dff472839617e227e329,0x0000000000000000000000000000000000000000000000000000000000000001
0x1c1954500c0cc8901b87c1ecdb8f6105010aa3fd079b64f2bbbcd0d41b26b8d0,0xd6e773d900ec812417038da9baf6d960fcc201dd4bfa0d6323c29c7f6d7d874a,0x0000000000000000000000009e04c176106e0b6e5eb06ccd391e6d9396c700d0
0x1c1954500c0cc8901b87c1ecdb8f6105010aa3fd079b64f2bbbcd0d41b26b8d0,0xdbb9abaa854f4db3eeaa646072c2d97ef4391daac19febcaaf62e35afc2c519b,0x0000000000000000000000000000000000000000000000000000000000000017
0x1c1954500c0cc8901b87c1ecdb8f6105010aa3fd079b64f2bbbcd0d41b26b8d0,0xddd2ed02835f51d041d738f145bf914e284838547c9bcc952ea4f9de82c9f093,0x00000000000000000000000094c3ca6d57489bfbe7a0ed0090fe8e756f062111
0x1c1954500c0cc8901b87c1ecdb8f6105010aa3fd079b64f2bbbcd0d41b26b8d0,0xe047bf654d8e10ae447cfae5d9e562da21dfbb6db83350016705ff2cc8b8786d,0x0000000000000000000000000000000000000000000000000000000000000001
0x1c1954500c0cc8901b87c1ecdb8f6105010aa3fd079b64f2bbbcd0d41b26b8d0,0xe35d3b497ce993ac2475468a534eac083b28252f021003b0f857f959f051de9a,0x0000000000000000000000000000000000000000000000000000000000000001
0x1c1954500c0cc8901b87c1ecdb8f6105010aa3fd079b64f2bbbcd0d41b26b8d0,0xe3ed81cac1d91ec9fd0d47ac24a7b2f43b1d36caf4390fbc1e677663bebe35b5,0x0000000000000000000000000000000000000000000000000000000000000001
0x1c1954500c0cc8901b87c1ecdb8f6105010aa3fd079b64f2bbbcd0d41b26b8d0,0xeb24f8c8ead37fa12609d018540d2dbc23bcbc17ea511dfa373b9f9b17bc8dcb,0x0000000000000000000000000000000000000000000000000000000000000001
0x1c1954500c0cc8901b87c1ecdb8f6105010aa3fd079b64f2bbbcd0d41b26b8d0,0xeda1868ed5875f6f763385eeab20008a8a3f50f066d1c43b2f5709555718f01c,0x0000000000000000000000000000000000000000000000000000000000000001
0x1c1954500c0cc8901b87c1ecdb8f6105010aa3fd079b64f2bbbcd0d41b26b8d0,0xeea57b1f1522820919f93d0e22f8b5016667e54dfef4536f36a0f466802896ba,0x0000000000000000000000000000000000000000000000000000000000000016
0x1c1954500c0cc8901b87c1ecdb8f6105010aa3fd079b64f2bbbcd0d41b26b8d0,0xf8fa4617213776e29def0aee76a09ef3ccf24d6d357b55e8d778e4b0d3e222af,0x0000000000000000000000000000000000000000000000000000000000000001
0x1c1954500c0cc8901b87c1ecdb8f6105010aa3fd079b64f2bbbcd0d41b26b8d0,0xfbda2f6327f01b5ff5be19dcdaa296de16c1020ced167b09179e61adf2975f97,0x000000000000000000000000000000000000000000000000000000000000001c