0xb5a2b087111695ac75e9cc2bc02a1fec27e412c4cdfe071694cf9c57dae7389a,0x000000000000000000000000000000000000000000000000000000000000000d,0x000000000000000000000000b47e3cd837ddf8e4c57f05d70ab865de6e193bbb
0xb5a2b087111695ac75e9cc2bc02a1fec27e412c4cdfe071694cf9c57dae7389a,0x000000000000000000000000000000000000000000000000000000000000000f,0x68747470733a2f2f697066732e696e667572612e696f2f697066732f00000038
0xb5a2b087111695ac75e9cc2bc02a1fec27e412c4cdfe071694cf9c57dae7389a,0x0000000000000000000000000000000000000000000000000000000000000010,0x00000000000000000000000089447f2ca722481d1399ae08b4d7e9471883f6c8
0xb5a2b087111695ac75e9cc2bc02a1fec27e412c4cdfe071694cf9c57dae7389a,0x0000000000000000000000000000000000000000000000000000000000000011,0x00000000000000000000000000000000000000000000000000005af3107a4000
0xb5a2b087111695ac75e9cc2bc02a1fec27e412c4cdfe071694cf9c57dae7389a,0x0000000000000000000000000000000000000000000000000000000000000012,0x000000000000000000000000000000000000000000000000000009184e72a000
0xb5a2b087111695ac75e9cc2bc02a1fec27e412c4cdfe071694cf9c57dae7389a,0x0000000000000000000000000000000000000000000000000000000000000013,0x00000000000000000000000000000000000000000000000000002d79883d2000
0xb5a2b087111695ac75e9cc2bc02a1fec27e412c4cdfe071694cf9c57dae7389a,0x0000000000000000000000000000000000000000000000000000000000000014,0x000000000000000000000000000000000000000000000000000009184e72a000
0xb5a2b087111695ac75e9cc2bc02a1fec27e412c4cdfe071694cf9c57dae7389a,0x0000000000000000000000000000000000000000000000000000000000000015,0x000000000000000000000000000000000000000000000000000000e8d4a51000
0xb5a2b087111695ac75e9cc2bc02a1fec27e412c4cdfe071694cf9c57dae7389a,0x0000000000000000000000000000000000000000000000000000000000000016,0x000000000000000000000000000000000000000000000000000009184e72a000
0xb5a2b087111695ac75e9cc2bc02a1fec27e412c4cdfe071694cf9c57dae7389a,0x64b3529e3373ed4ed95ace78e96d85d9c08dd2697f9739d3a60b65a90314952f,0x0000000000000000000000000000000000000000000000000000000000000001
0xb5a2b087111695ac75e9cc2bc02a1fec27e412c4cdfe071694cf9c57dae7389a,0x67be87c3ff9960ca1e9cfac5cab2ff4747269cf9ed20c9b7306235ac35a491c5,0x0000000000000000000000000000000000000000000000000000000000000001
0xb5a2b087111695ac75e9cc2bc02a1fec27e412c4cdfe071694cf9c57dae7389a,0x77b7bbe0e49b76487c9476b5db3354cf5270619d0037ccb899c2a4c4a75b4318,0x0000000000000000000000000000000000000000000000000000000000000001
0xb5a2b087111695ac75e9cc2bc02a1fec27e412c4cdfe071694cf9c57dae7389a,0x8b69fb7eabe62ee70e6e88901cdc1c50eb878109048f27f40c6b9382b1dae406,0x0000000000000000000000000000000000000000000000000000000000000001
0xb5a2b087111695ac75e9cc2bc02a1fec27e412c4cdfe071694cf9c57dae7389a,0x9562381dfbc2d8b8b66e765249f330164b73e329e5f01670660643571d1974df,0x0000000000000000000000000000000000000000000000000000000000000001
0xb5a2b087111695ac75e9cc2bc02a1fec27e412c4cdfe071694cf9c57dae7389a,0xa3af6083c200dc965982d4580555b657f6770229d480747bc8b7f15e87ab536b,0x0000000000000000000000000000000000000000000000000000000000000001
0xb5a2b087111695ac75e9cc2bc02a1fec27e412c4cdfe071694cf9c57dae7389a,0xf7815fccbf112960a73756e185887fedcb9fc64ca0a16cc5923b7960ed780800,0x0000000000000000000000000000000000000000000000000000000000000001
0x4b0e2e9e0915f88461e5281c2153eeb1240873869856354e918035d51a73d0aa,0x0000000000000000000000000000000000000000000000000000000000000007,0x0000000000000000000000000000000000000000000000000000000000000001
0x4b0e2e9e0915f88461e5281c2153eeb1240873869856354e918035d51a73d0aa,0x0000000000000000000000000000000000000000000000000000000000000017,0x0000000000000000000000000000000000000000000000000000000000000001
0x4b0e2e9e0915f88461e5281c2153eeb1240873869856354e918035d51a73d0aa,0x11e7fe6ec609629d574870aa182177d81a0c006310a9c507ce20aca739420755,0x0000000000000000000000000000000000000000000000000000000000000001
0x4b0e2e9e0915f88461e5281c2153eeb1240873869856354e918035d51a73d0aa,0x3607575c0e37a650c08806517dac4d643a6d637086627bdf01c3678f991f12ce,0x0000000000000000000000000000000000000000000000000000000000000001
0x4b0e2e9e0915f88461e5281c2153eeb1240873869856354e918035d51a73d0aa,0x6de76108811faf2f94afbe5ac6c98e8393206cd093932de1fbfd61bbeec43a02,0x74657374696e674074657374696e672e636f6d00000000000000000000000026
0x4b0e2e9e0915f88461e5281c2153eeb1240873869856354e918035d51a73d0aa,0x920676b5945f1adf9c22b485c28bc4d1ed179a26626793853955997f3fbd7ca1,0x0000000000000000000000000000000000000000000000000000000000000001
0x4b0e2e9e0915f88461e5281c2153eeb1240873869856354e918035d51a73d0aa,0xa66cc928b5edb82af9bd49922954155ab7b0942694bea4ce44661d9a8736c688,0x0000000000000000000000000000000000000000000000000000000000000001
0x4b0e2e9e0915f88461e5281c2153eeb1240873869856354e918035d51a73d0aa,0xcc69885fda6bcc1a4ace058b4a62bf5e179ea78fd58a1ccd71c22cc9b688792f,0x000000000000000000000000e83c750b2708320bb134796c555b80df39a3d97b
0x4b0e2e9e0915f88461e5281c2153eeb1240873869856354e918035d51a73d0aa,0xe9340a3a8c281c917e8a05d832c31cc4f5421e0fa233efc201c59ba709d32d67,0x0000000000000000000000000000000000000000000000000000000000000001
0x4b0e2e9e0915f88461e5281c2153eeb1240873869856354e918035d51a73d0aa,0xf88cd8d612926ebb404e40725c01084b6e9b3ce0344cde068570342cbd448c61,0x00000000000000000000000000000000000000000000000000000000000003b5
0x4b0e2e9e0915f88461e5281c2153eeb1240873869856354e918035d51a73d0aa,0xfc941c3961fb6541da34150022cddf959da0fb2353866a6bfbd249c2da092914,0xc3d8a41fb8a84f477b6d48fd5471376a7399da7b7be5364dbf50a266c2fbc20a
0xdd88eeb9edd754cde0b060c18c9833a8d3d5c5a602624d3e4d66b6697b31b68b,0x0000000000000000000000000000000000000000000000000000000000000007,0x0000000000000000000000000000000000000000000000000000000000000002
0xdd88eeb9edd754cde0b060c18c9833a8d3d5c5a602624d3e4d66b6697b31b68b,0x0000000000000000000000000000000000000000000000000000000000000017,0x0000000000000000000000000000000000000000000000000000000000000002
0xdd88eeb9edd754cde0b060c18c9833a8d3d5c5a602624d3e4d66b6697b31b68b,0x11e7fe6ec609629d574870aa182177d81a0c006310a9c507ce20aca739420756,0x0000000000000000000000000000000000000000000000000000000000000002
0xdd88eeb9edd754cde0b060c18c9833a8d3d5c5a602624d3e4d66b6697b31b68b,0x3607575c0e37a650c08806517dac4d643a6d637086627bdf01c3678f991f12ce,0x0000000000000000000000000000000000000000000000000000000000000002
0xdd88eeb9edd754cde0b060c18c9833a8d3d5c5a602624d3e4d66b6697b31b68b,0x4c287b3e2c2cb129ae3ba596d613d760b15affdac7242e12903c37a886ea1c4f,0x0000000000000000000000000000000000000000000000000000000000000609
0xdd88eeb9edd754cde0b060c18c9833a8d3d5c5a602624d3e4d66b6697b31b68b,0x6add646517a5b0f6793cd5891b7937d28a5b2981a5d88ebc7cd776088fea9041,0x0000000000000000000000000000000000000000000000000000000000000001
0xdd88eeb9edd754cde0b060c18c9833a8d3d5c5a602624d3e4d66b6697b31b68b,0x6f678ad17c55bce407239525f4bf7f1fe99197d3eb69bfdd9a0db84a9a11b581,0xf801f977f81a522504e5a849f07930858ee2aba3d715e398cd7481a0a0d53813
0xdd88eeb9edd754cde0b060c18c9833a8d3d5c5a602624d3e4d66b6697b31b68b,0x8819ef417987f8ae7a81f42cdfb18815282fe989326fbff903d13cf0e03ace29,0x0000000000000000000000000000000000000000000000000000000000000001
0xdd88eeb9edd754cde0b060c18c9833a8d3d5c5a602624d3e4d66b6697b31b68b,0x920676b5945f1adf9c22b485c28bc4d1ed179a26626793853955997f3fbd7ca1,0x0000000000000000000000000000000000000000000000000000000000000002
0xdd88eeb9edd754cde0b060c18c9833a8d3d5c5a602624d3e4d66b6697b31b68b,0xa66cc928b5edb82af9bd49922954155ab7b0942694bea4ce44661d9a8736c689,0x0000000000000000000000000000000000000000000000000000000000000002
0xdd88eeb9edd754cde0b060c18c9833a8d3d5c5a602624d3e4d66b6697b31b68b,0xc9387a430bf0df48908e5a7ab2f47f426d8bd1750ded8fab5b2d4756141939a9,0x0000000000000000000000000000000000000000000000000000000000000002
0xdd88eeb9edd754cde0b060c18c9833a8d3d5c5a602624d3e4d66b6697b31b68b,0xd9d16d34ffb15ba3a3d852f0d403e2ce1d691fb54de27ac87cd2f993f3ec330f,0x000000000000000000000000e83c750b2708320bb134796c555b80df39a3d97b
0xdd88eeb9edd754cde0b060c18c9833a8d3d5c5a602624d3e4d66b6697b31b68b,0xf5b6e61a0c14f171ef1c86f003900ef0305e4159fff3317e4fb7c351f2050c87,0x74657374696e674074657374696e672e636f6d00000000000000000000000026
0x136b2b478a6031e4fe2ee933fbf45151139dd887d335c2c6a1ae9b5d142de107,0x0000000000000000000000000000000000000000000000000000000000000007,0x0000000000000000000000000000000000000000000000000000000000000003
0x136b2b478a6031e4fe2ee933fbf45151139dd887d335c2c6a1ae9b5d142de107,0x0000000000000000000000000000000000000000000000000000000000000017,0x0000000000000000000000000000000000000000000000000000000000000003
0x136b2b478a6031e4fe2ee933fbf45151139dd887d335c2c6a1ae9b5d142de107,0x11e7fe6ec609629d574870aa182177d81a0c006310a9c507ce20aca739420757,0x0000000000000000000000000000000000000000000000000000000000000003
0x136b2b478a6031e4fe2ee933fbf45151139dd887d335c2c6a1ae9b5d142de107,0x3607575c0e37a650c08806517dac4d643a6d637086627bdf01c3678f991f12ce,0x0000000000000000000000000000000000000000000000000000000000000003
0x136b2b478a6031e4fe2ee933fbf45151139dd887d335c2c6a1ae9b5d142de107,0x37d86f96cabf8f0c0d7458c6a5121b8acaa8687bd19ee6c2f594981d2dd7b568,0x0000000000000000000000000000000000000000000000000000000000000003
0x136b2b478a6031e4fe2ee933fbf45151139dd887d335c2c6a1ae9b5d142de107,0x3e323a6e0522b016fa22111dfed945f89456f9f44f69eac00209d92607a5b940,0x9c0b4bc055b19db75398e1e8629795eccc338597d8ed7746d041cf5f948e83bf
0x136b2b478a6031e4fe2ee933fbf45151139dd887d335c2c6a1ae9b5d142de107,0x4ac83fca211703e3ddb90093cd219714e5e3715bf0b4fd15b0441390534a24e2,0x0000000000000000000000000000000000000000000000000000000000002293
0x136b2b478a6031e4fe2ee933fbf45151139dd887d335c2c6a1ae9b5d142de107,0x625b35f5e76f098dd7c3a05b10e2e5e78a4a01228d60c3b143426cdf36d26455,0x0000000000000000000000000000000000000000000000000000000000000002
0x136b2b478a6031e4fe2ee933fbf45151139dd887d335c2c6a1ae9b5d142de107,0x75f96ab15d697e93042dc45b5c896c4b27e89bb6eaf39475c5c371cb2513f7d2,0x0000000000000000000000000000000000000000000000000000000000000002
0x136b2b478a6031e4fe2ee933fbf45151139dd887d335c2c6a1ae9b5d142de107,0x7dfe757ecd65cbd7922a9c0161e935dd7fdbcc0e999689c7d31633896b1fc60b,0x000000000000000000000000e83c750b2708320bb134796c555b80df39a3d97b
0x136b2b478a6031e4fe2ee933fbf45151139dd887d335c2c6a1ae9b5d142de107,0x804a3d0621e73505f5f0c57c922f3e57d6b48e175551184eb12f80d7b4a9c783,0x74657374696e675f74657374696e675f74657374696e6700000000000000002e
0x136b2b478a6031e4fe2ee933fbf45151139dd887d335c2c6a1ae9b5d142de107,0x920676b5945f1adf9c22b485c28bc4d1ed179a26626793853955997f3fbd7ca1,0x0000000000000000000000000000000000000000000000000000000000000003
0x136b2b478a6031e4fe2ee933fbf45151139dd887d335c2c6a1ae9b5d142de107,0xa66cc928b5edb82af9bd49922954155ab7b0942694bea4ce44661d9a8736c68a,0x0000000000000000000000000000000000000000000000000000000000000003
0x1c55d5947cb425195cd8a11ad87228346982608fb98256e068f6439211275e77,0xa3af6083c200dc965982d4580555b657f6770229d480747bc8b7f15e87ab536b,0x0000000000000000000000000000000000000000000000000000000000000000