0xffae3fcd6131d72dabf459d18285895bcd0eb013c9c19cf748b33df190d05e5e,0x0000000000000000000000000000000000000000000000000000000000000000,0x000000000000000000000000501f51187acfbbfb711166dea9ee5bbf77c6c2d8
0xffae3fcd6131d72dabf459d18285895bcd0eb013c9c19cf748b33df190d05e5e,0x0000000000000000000000000000000000000000000000000000000000000001,0x000000000000000000000000501f51187acfbbfb711166dea9ee5bbf77c6c2d8
0xffae3fcd6131d72dabf459d18285895bcd0eb013c9c19cf748b33df190d05e5e,0x0000000000000000000000000000000000000000000000000000000000000002,0x000000000000000000000000000000000000000000000000000000003b9aca00
0xffae3fcd6131d72dabf459d18285895bcd0eb013c9c19cf748b33df190d05e5e,0x0000000000000000000000000000000000000000000000000000000000000005,0x0000000000000000000000f06059f01f6f08a603c939359a0a1186f768768500
0xffae3fcd6131d72dabf459d18285895bcd0eb013c9c19cf748b33df190d05e5e,0x0000000000000000000000000000000000000000000000000000000000000007,0x0000000000000000000000000000000000000000000000000000000000000001
0xffae3fcd6131d72dabf459d18285895bcd0eb013c9c19cf748b33df190d05e5e,0x0000000000000000000000000000000000000000000000000000000000000008,0x68747470733a2f2f6d63702e746f776e2f6170692f77702f0000000000000030
0xffae3fcd6131d72dabf459d18285895bcd0eb013c9c19cf748b33df190d05e5e,0x0000000000000000000000000000000000000000000000000000000000000009,0x4d43502057656c636f6d65205061636b00000000000000000000000000000020
0xffae3fcd6131d72dabf459d18285895bcd0eb013c9c19cf748b33df190d05e5e,0x000000000000000000000000000000000000000000000000000000000000000a,0x4d4350575000000000000000000000000000000000000000000000000000000a
0xffae3fcd6131d72dabf459d18285895bcd0eb013c9c19cf748b33df190d05e5e,0x96099df53a682dec237c134999a1c0cfb05cd82765eccebd529f090344ac5bca,0x0000000000000000000000000000000000000000000000000000000000000001
0x8aff82011776d5e9b5f7e52f281617b02cb70ce354f092a9590b6e5578545c5b,0x0000000000000000000000000000000000000000000000000000000000000007,0x0000000000000000000000000000000000000000000000000000000000000002
0x8aff82011776d5e9b5f7e52f281617b02cb70ce354f092a9590b6e5578545c5b,0x3e5fec24aa4dc4e5aee2e025e51e1392c72a2500577559fae9665c6d52bd6a31,0x000000000000000000000000501f51187acfbbfb711166dea9ee5bbf77c6c2d8
0x065ec51641c9e628b4919a0f6947d0c925b435e71c763fa04d17b56e60f6bdaa,0x3e5fec24aa4dc4e5aee2e025e51e1392c72a2500577559fae9665c6d52bd6a31,0x0000000000000000000000000000000000000000000000000000000000000000
0xd38f0f97c738711d4281bfd7452ba36bcf308862f3f1a42430a1726f04fc79e5,0x0000000000000000000000000000000000000000000000000000000000000007,0x0000000000000000000000000000000000000000000000000000000000000098
0xd38f0f97c738711d4281bfd7452ba36bcf308862f3f1a42430a1726f04fc79e5,0x020c72644b6d1ac052ff0fc75ce872138c9c3684978ace385f3ce79ec651e607,0x000000000000000000000000e90b72e59ebc3c639dce048fbdd4f6af14e4d8f2
0xd38f0f97c738711d4281bfd7452ba36bcf308862f3f1a42430a1726f04fc79e5,0x02d1c7c8d506b6d37dcf7f12583c40ac52ac59f54c710faeebde47ecefb77c42,0x0000000000000000000000008ab7211a5480613104161f4cf5a77a73f0d2b587
0xd38f0f97c738711d4281bfd7452ba36bcf308862f3f1a42430a1726f04fc79e5,0x04200e07402a6350389c9613d972b8b1e2760f78305746bf753ec90469786d35,0x0000000000000000000000007d1c097a9ee545d01a428a3cc071039cde6633c7
0xd38f0f97c738711d4281bfd7452ba36bcf308862f3f1a42430a1726f04fc79e5,0x05db4d83e3c1361e9e08dc88095f9e8fc3b32e8a5ad8fcd28d975cf4fdaafe79,0x0000000000000000000000006bbe4e909e14e11792501e5628ce7d71abebab0e
0xd38f0f97c738711d4281bfd7452ba36bcf308862f3f1a42430a1726f04fc79e5,0x098e5c8946c3f55aae04af8fe9c4589802eae2b11667f4dfa6883e23815c01ed,0x000000000000000000000000336aaa0d998a46b3a83b82edc241c592f388f510
0xd38f0f97c738711d4281bfd7452ba36bcf308862f3f1a42430a1726f04fc79e5,0x0f56919ffb77bd5a8f0fcb974ff3cc1c168679ead71f5d3eb9998e03259f5840,0x0000000000000000000000007738b287e93bb9d6431b39f8f82e937f565cd09d
0xd38f0f97c738711d4281bfd7452ba36bcf308862f3f1a42430a1726f04fc79e5,0x12b3fb03d27bd105ac57c8dbf000d94f61d3ffe73ff0c0035c97df04ce6bddce,0x000000000000000000000000d068e1cc864c47f616f84598f2ff2f1131d91b23
0xd38f0f97c738711d4281bfd7452ba36bcf308862f3f1a42430a1726f04fc79e5,0x1727c0104c2870c3003671480695f7dab262614528b49265008e76fd3d48c5fe,0x000000000000000000000000fe72d8a2913758fa161aa5ad87c73cd135233c18
0xd38f0f97c738711d4281bfd7452ba36bcf308862f3f1a42430a1726f04fc79e5,0x1975ccc81ee1682a2388ee8f1648952db59b6b82687a671ccb527af6f1447fc2,0x000000000000000000000000805177ed41254fca794e341fa8856119de0737ce
0xd38f0f97c738711d4281bfd7452ba36bcf308862f3f1a42430a1726f04fc79e5,0x1988775e6c6f4b25d912ae5577f9b19952e8e16a59481301121feafa0d673092,0x00000000000000000000000074f24ecda8a2d4fb3bfe5beeb1a1bdd87f9131d5
0xd38f0f97c738711d4281bfd7452ba36bcf308862f3f1a42430a1726f04fc79e5,0x1d5a7c567c9b095012748bc11bb4eac2a6ec25bd1df0eefe496f5e733c3df07c,0x0000000000000000000000003aed1dbb6ea40dc61488a5a5cd9c51cb9a84ca33
0xd38f0f97c738711d4281bfd7452ba36bcf308862f3f1a42430a1726f04fc79e5,0x1f7811d2b25fbd47420657799c0ee9f5ccdbee544d4d0fd9959a5ff80dfb52f1,0x00000000000000000000000098b5203b711d2b9c126bed82e65e627eebbfc45c
0xd38f0f97c738711d4281bfd7452ba36bcf308862f3f1a42430a1726f04fc79e5,0x20874b0c906c478f1952ec7ffbf9ccb55019a08fb7b7fe98adcb0bbcfe4c582b,0x000000000000000000000000372946a3cf2f3568855cad999b13ec8d9cacc94e
0xd38f0f97c738711d4281bfd7452ba36bcf308862f3f1a42430a1726f04fc79e5,0x23863ac85e56a9dce6a22321f49a3501475e9287498cbc70613b3c8cbfb68976,0x0000000000000000000000000146994305d70671760304341d4e4f9c475bae81
0xd38f0f97c738711d4281bfd7452ba36bcf308862f3f1a42430a1726f04fc79e5,0x238cfc10e0a5634897da2556ac9c4299563682f5904c48b31f6bd653625f7467,0x00000000000000000000000060a5af316092d26db394f254105964ac8c94dd9a
0xd38f0f97c738711d4281bfd7452ba36bcf308862f3f1a42430a1726f04fc79e5,0x294249a73dade72954ce261e2d3e7a241ea69fbb9c559454dd3e40f332fd4f17,0x000000000000000000000000ff1daa71eca58dcaf175131edc6f9f5c15cc4ba4
0xd38f0f97c738711d4281bfd7452ba36bcf308862f3f1a42430a1726f04fc79e5,0x2c892137f14afa87c95ae429f704110c16e0543e9bc074b39a618b4ccdb15878,0x0000000000000000000000003de5e64e972c2e69b4cab92789f289d8466d98a0
0xd38f0f97c738711d4281bfd7452ba36bcf308862f3f1a42430a1726f04fc79e5,0x2e091240cad199d7f920db6d3eec47729e8ba7eda0c3e307f704514f0ddfe90c,0x00000000000000000000000055611b747af18e27ba99c251377912fcd96ea656
0xd38f0f97c738711d4281bfd7452ba36bcf308862f3f1a42430a1726f04fc79e5,0x30c31f8da3b2dac278cc85ea7640046cd4dec5da735dc6bbce2e7c6af31aa7b5,0x000000000000000000000000bcce2ce773be0250bdddd4487d927accd748414f
0xd38f0f97c738711d4281bfd7452ba36bcf308862f3f1a42430a1726f04fc79e5,0x30ebeabd22960495bee927c05f88371da5a9afe03685ff37898c25b530cecdfc,0x000000000000000000000000c676487b6c030b684f40467cb5c506879b53ade8
0xd38f0f97c738711d4281bfd7452ba36bcf308862f3f1a42430a1726f04fc79e5,0x320975846a116b11411a5cfde94c56d7713040529fd53bc4095fb1022e45da01,0x0000000000000000000000001dcc815398f33a0fdf3953ad4182e658194c7569
0xd38f0f97c738711d4281bfd7452ba36bcf308862f3f1a42430a1726f04fc79e5,0x3267b47cf7d636a4acef120d6f6f37fb3cfceb9dee7977493913a663452e671d,0x000000000000000000000000561a81a1d18b65b4207509d0d7ec12039129ace0
0xd38f0f97c738711d4281bfd7452ba36bcf308862f3f1a42430a1726f04fc79e5,0x34d70136299f76a744ea8afda8ebddfe1632bb03a70f19f9a17b6d3d3ba55753,0x00000000000000000000000004b7dbd17a817d22ebd9b35a9a210d8e6e59a7ce
0xd38f0f97c738711d4281bfd7452ba36bcf308862f3f1a42430a1726f04fc79e5,0x3654ac475286a72efec98958eb8d49bb5d554e6f0990db13ac15824d97cb186f,0x000000000000000000000000535316f9577f5cfeb6919aa0eb5b1b157c837def
0xd38f0f97c738711d4281bfd7452ba36bcf308862f3f1a42430a1726f04fc79e5,0x370ee85b100326c30f534e3e66f8638f07380d7de05f07025ac4b9f9d5930860,0x00000000000000000000000096f7709bcee228df5d1287c51fdc654886eb74a3
0xd38f0f97c738711d4281bfd7452ba36bcf308862f3f1a42430a1726f04fc79e5,0x37a437d345bf4d7106cea352bed4ca8dd7d9fd40d7def3da9d5a50ab8b832332,0x000000000000000000000000cde993b6cc5cf39a3087fa166a81769f924146f6
0xd38f0f97c738711d4281bfd7452ba36bcf308862f3f1a42430a1726f04fc79e5,0x396064faa6fce32c3c4ee539e492f46fe1337afeaad54b565692a08b787f80a5,0x000000000000000000000000451dc7157b611ad0f675a069869b3675bbccd690
0xd38f0f97c738711d4281bfd7452ba36bcf308862f3f1a42430a1726f04fc79e5,0x3b636c5fea078a86e8aa4987c93f4324d2119d8709204209223616c027958f1d,0x00000000000000000000000011c4cf306007cf4e05ce1a285cb346b0f5db6450
0xd38f0f97c738711d4281bfd7452ba36bcf308862f3f1a42430a1726f04fc79e5,0x3e2405bc8eddcc2dec697d454ddca37a2f157a1cf34a6377970583fce6b49b6a,0x000000000000000000000000d056a04be9b09bb20b66aef2c6b3880a71a5b69e
0xd38f0f97c738711d4281bfd7452ba36bcf308862f3f1a42430a1726f04fc79e5,0x3fb882c045dfc3e621afeb2f59d0e1daf33d1782f23d3456c3755da1b279430a,0x000000000000000000000000360810c61beb4ec6da9236ce4e24a02cfb3ba933
0xd38f0f97c738711d4281bfd7452ba36bcf308862f3f1a42430a1726f04fc79e5,0x3fc3eafd6666b4115f284754aee9ae5ecd0e309cfccdd979fc5507fff0213446,0x000000000000000000000000d4bdc4a482a64e3a0350115417d7fd2d3f0bbef8
0xd38f0f97c738711d4281bfd7452ba36bcf308862f3f1a42430a1726f04fc79e5,0x422e068c2419e55cc0637493fd22103d589ad2247a9b617aaa8bd656f8bb9cab,0x000000000000000000000000c9af431dfcf2e3d09ea85c404036d69d708746ad
0xd38f0f97c738711d4281bfd7452ba36bcf308862f3f1a42430a1726f04fc79e5,0x4240f17fb051dafa455c6aa776bee6356d3085a349731ff3af9967143e7399d8,0x0000000000000000000000003acaa38c62cb00f34e2331cfe6833f98fa4c5854
0xd38f0f97c738711d4281bfd7452ba36bcf308862f3f1a42430a1726f04fc79e5,0x441df492ae6e99c6d4e1e9d4f21a7f91acfe01aa09f7c39efb52903e6916315e,0x000000000000000000000000b1528f31aac5fd4efe0607b8ea7d446bdb2c31ec
0xd38f0f97c738711d4281bfd7452ba36bcf308862f3f1a42430a1726f04fc79e5,0x45af9cd55165fd0558870b9b768af4d5eb9170af5272ab1399ff793f449eb29b,0x000000000000000000000000bf7da1f568684889a69a5bed9f1311f703985590
0xd38f0f97c738711d4281bfd7452ba36bcf308862f3f1a42430a1726f04fc79e5,0x4a3bbc70edd2b1649cffaf81175391ad854d34dc59b54eb586c48f2c1793b995,0x000000000000000000000000077b0f226af874c50a333b95030b4963305fddd1
0xd38f0f97c738711d4281bfd7452ba36bcf308862f3f1a42430a1726f04fc79e5,0x4e9450e63097de427932075055e092c2c2de56c695e98b53f4668f68b2c6e962,0x00000000000000000000000003309f97e46febbaf92625ee8c1dc345cd482383
0xd38f0f97c738711d4281bfd7452ba36bcf308862f3f1a42430a1726f04fc79e5,0x4eee6cd71ff2d1d66e2dc956b04af1e837223235575f4aaeb52a09da5bccb123,0x000000000000000000000000049bed1598655b64f09e4835084fbc502ab1ad86
0xd38f0f97c738711d4281bfd7452ba36bcf308862f3f1a42430a1726f04fc79e5,0x50c245020e0d50943a7e4fa4dc17130bc2ba56c41463906c6b400a08276f2981,0x0000000000000000000000001d50873260d61e6832e7166ed381d71e33b49f2b
0xd38f0f97c738711d4281bfd7452ba36bcf308862f3f1a42430a1726f04fc79e5,0x5451fe6494362676ddb91456d9957c85d968e6f82956407c931a14c023049e6a,0x000000000000000000000000d82f332d06b776b4c3e95c27b08d6dfe554829ce
0xd38f0f97c738711d4281bfd7452ba36bcf308862f3f1a42430a1726f04fc79e5,0x57f90103f7a4da0e5a52d103bc140b234daa758dc8ea4a7d8694148934395ca8,0x000000000000000000000000fe9b9501ffaa850f10d62090103882d5faef75a1
0xd38f0f97c738711d4281bfd7452ba36bcf308862f3f1a42430a1726f04fc79e5,0x5d60dcff71db2b547a7ff72dad2076141e3c722fba974bc58099f3d479e958c3,0x0000000000000000000000006f63d5a49ce816e0c8fad2223fa38fd439ec920b
0xd38f0f97c738711d4281bfd7452ba36bcf308862f3f1a42430a1726f04fc79e5,0x5ec29db979a5d8850b263734df91cba8f75a91e018b6bb0241833db662c340cc,0x000000000000000000000000f7fc29762f782fa326ff86b7c3f74ed2c96ba135
0xd38f0f97c738711d4281bfd7452ba36bcf308862f3f1a42430a1726f04fc79e5,0x60ac682b9a49392840ac8f0ca7e6ca743398112599febf8b36c5b1bc3b8722e7,0x00000000000000000000000074cf92fb66b82a0da8122aa4d00ff763ddcca25d
0xd38f0f97c738711d4281bfd7452ba36bcf308862f3f1a42430a1726f04fc79e5,0x62552337360b040ac00905130c40c0e814a32ae1bf4d7c7b02730b479e5eef98,0x000000000000000000000000949e2a08a6d5f1c8d7831fbeaf46c4d58e39dbc9
0xd38f0f97c738711d4281bfd7452ba36bcf308862f3f1a42430a1726f04fc79e5,0x6768a8feb2625d8b61193e1e6599c3f6e9ab224bfe19459038acb416a1d87924,0x000000000000000000000000fe109edd26401acb27c71f8315dbf5b70179e9bb
0xd38f0f97c738711d4281bfd7452ba36bcf308862f3f1a42430a1726f04fc79e5,0x685532a9e734cdcce811e4577c1dab9b1c370e22f0bfc8712be396fd1ea3df4c,0x00000000000000000000000074d8a622f6d49c605995770e7fab412a25d8d217
0xd38f0f97c738711d4281bfd7452ba36bcf308862f3f1a42430a1726f04fc79e5,0x6a2cc34ec24f9752170bed3d63ab5e299062b4cae17d89655bee8857d65d9fbc,0x0000000000000000000000009d11593aafa155e63e30ff5b2c82947a65aebb1d
0xd38f0f97c738711d4281bfd7452ba36bcf308862f3f1a42430a1726f04fc79e5,0x6c618598a722acfb4a0048eacd0596accc832184a491631e6c3694d342d041a1,0x000000000000000000000000447331e3e8e1d9fd2878e345c7fe11c88db0858f
0xd38f0f97c738711d4281bfd7452ba36bcf308862f3f1a42430a1726f04fc79e5,0x6ca6dcafc04b6e03616746c3528366f990e332021e35d59275be746d65cae0a7,0x000000000000000000000000ac2e1e78c66e3f25f237ddb42be24062a2590106
0xd38f0f97c738711d4281bfd7452ba36bcf308862f3f1a42430a1726f04fc79e5,0x702cd40275723fbecf854291f1eca58b5a0de7d378ea31ec006833fd99382dea,0x000000000000000000000000fa12140c7f7ac8983b3af02745589e0876e46ae5
0xd38f0f97c738711d4281bfd7452ba36bcf308862f3f1a42430a1726f04fc79e5,0x733e5000b8000853f478eac1b497fc0c6c7a5e5899388a335d6730922974fbce,0x000000000000000000000000da0396c581d426dd0c333d8991c1e979e02f3223
0xd38f0f97c738711d4281bfd7452ba36bcf308862f3f1a42430a1726f04fc79e5,0x7390b40298862f44ea9311d09f2ed00d1d7dc95d3769e730eead11100ea80a20,0x0000000000000000000000007851f1178df67a69bbd59d2a774e343b70512ac3
0xd38f0f97c738711d4281bfd7452ba36bcf308862f3f1a42430a1726f04fc79e5,0x7801d1c83a83dfc069425b0cd3cfee3901116f5c0281c91b30b04f6d53b52b13,0x000000000000000000000000dc86cdda8da76c0bd3cf78152f01aabeffbe9572
0xd38f0f97c738711d4281bfd7452ba36bcf308862f3f1a42430a1726f04fc79e5,0x7d9c8a1f1d51f94f12e81c9a555a2cd75d3e761e4ba86986bac0b56662155dac,0x00000000000000000000000034a4dd196ab83166c8c9935d5a6f60f2a02a905a
0xd38f0f97c738711d4281bfd7452ba36bcf308862f3f1a42430a1726f04fc79e5,0x81bacb3b5d16faeeaaadb14c970d58e981eaadb18fbb1341c49dddc521d2558a,0x0000000000000000000000005ce5a0cf1830a41355b04470299ecd3505228f24
0xd38f0f97c738711d4281bfd7452ba36bcf308862f3f1a42430a1726f04fc79e5,0x84ff3eb04bac0a2190b4fb9ac6d0dbbdf1bb431847b8b7ccd4a0ae0968e179db,0x00000000000000000000000015dad22419b7e23c5cd9a47380fd6b14623fe07b
0xd38f0f97c738711d4281bfd7452ba36bcf308862f3f1a42430a1726f04fc79e5,0x851a12c5b80d748c2c9924432fe021cd1640db673bd9e53690d0fbbd621de06f,0x0000000000000000000000002dd69f5b02e99efef9101fcae8bd1e02375b265b
0xd38f0f97c738711d4281bfd7452ba36bcf308862f3f1a42430a1726f04fc79e5,0x8608efcf1c9423ee0cd82383ca87bf75a1de454362223480be8a307aae0b3f45,0x0000000000000000000000009c783640aff6f5ce34c25769527f5460b11d7fc1
0xd38f0f97c738711d4281bfd7452ba36bcf308862f3f1a42430a1726f04fc79e5,0x8725003c645a213b2583d67f9bdc3f05a16873ac6edf6234e388904a6f2b0dde,0x000000000000000000000000c92ea216e2b96b15b63cfce87f309af4680d9c8f
0xd38f0f97c738711d4281bfd7452ba36bcf308862f3f1a42430a1726f04fc79e5,0x87e919e47a6c2a52be2d8f002045897d4f9ca55cb1e2c7bc948798c0721ef9f7,0x000000000000000000000000a2d5a2295cbcc2ec2e9ec20f40f0739366f8d590
0xd38f0f97c738711d4281bfd7452ba36bcf308862f3f1a42430a1726f04fc79e5,0x8aa67e94ea45b2c79d109fdc717d1a69873745055047caed95bd3d2ae63acfe2,0x000000000000000000000000930a20c1ae49018848ba066b016836d6a4912787
0xd38f0f97c738711d4281bfd7452ba36bcf308862f3f1a42430a1726f04fc79e5,0x8dc3ccc90a5a484fa2a729ed5b473614aaeab270aa88d72534a542e99667eddc,0x000000000000000000000000849790ffcd68b6da405d9eecc56d832daf5ece30
0xd38f0f97c738711d4281bfd7452ba36bcf308862f3f1a42430a1726f04fc79e5,0x8e33f297b2be1bf455a0ede6e931dbce96b5f0804e599204f1d70a6cfc8261e5,0x000000000000000000000000f87fdd61153b89952265cedf1ef421757817877f
0xd38f0f97c738711d4281bfd7452ba36bcf308862f3f1a42430a1726f04fc79e5,0x8f53914ddf84315619801230b59f8248fa29eadbe836d64020daba124bc7473c,0x0000000000000000000000001b82e2de62c1d8087d34b6ae979b4558d63601f0
0xd38f0f97c738711d4281bfd7452ba36bcf308862f3f1a42430a1726f04fc79e5,0x92b536d74139baac7b2f746b5027c609208abfa75d668202dc15a4ae7ef05e32,0x000000000000000000000000b603e1233d71631b770cdef70c804d7354d82894
0xd38f0f97c738711d4281bfd7452ba36bcf308862f3f1a42430a1726f04fc79e5,0x97d100e90eed6f2efdbba371d7db2cf184d0814ae297745f04f5ea9549b23350,0x00000000000000000000000098f31eecf9c1d02975b82c7be42adfed50e3673a
0xd38f0f97c738711d4281bfd7452ba36bcf308862f3f1a42430a1726f04fc79e5,0x97fbbeaa789041c35abf8785316a14aace2a45cfc2dee0f97bf10f70bcedde58,0x00000000000000000000000097917b858cae70ef842a3efaa3b30bc4f909440b
0xd38f0f97c738711d4281bfd7452ba36bcf308862f3f1a42430a1726f04fc79e5,0x9ab6f25f9a044b682eaa5557ae77bc4e2dedeabaa365f8592fe9a655e379b7c0,0x0000000000000000000000003b0535c602078a22a9954209b3556549c4e5e987
0xd38f0f97c738711d4281bfd7452ba36bcf308862f3f1a42430a1726f04fc79e5,0x9b50e794c9c8abfc812ea4698dc38f2e26e9cb9d9f5bf98695b4abff15ba33ee,0x000000000000000000000000f608b5edeb4cd17d30ac97e2369c36fc37a2b5a6
0xd38f0f97c738711d4281bfd7452ba36bcf308862f3f1a42430a1726f04fc79e5,0x9cd3434759d4342da65bef4229197971349059318ca7230cbd47e2b680c83c39,0x0000000000000000000000001e9d91f5ac43822aeef374f4cde47f5a672bcccc
0xd38f0f97c738711d4281bfd7452ba36bcf308862f3f1a42430a1726f04fc79e5,0x9dcd3e006a0d0d67c4efc4bb0e506a3dcae46f65947f161cbeba81508bec1a06,0x000000000000000000000000b6346451d5477a813e1564faee0121b8564b4a9a
0xd38f0f97c738711d4281bfd7452ba36bcf308862f3f1a42430a1726f04fc79e5,0xa00e9f45e9f0c328446d13a90db1b8ff531c4946ba6a4294a1ec03159cc44b19,0x000000000000000000000000d3803f60752bae08edc83059cc40d4a2ff917823
0xd38f0f97c738711d4281bfd7452ba36bcf308862f3f1a42430a1726f04fc79e5,0xa6172f64e80168333d3bc97ef096a7cb251d24be47156dff7a40f6163a6ab42b,0x0000000000000000000000006be4a7bbb812bfa6a63126ee7b76c8a13529bdb8
0xd38f0f97c738711d4281bfd7452ba36bcf308862f3f1a42430a1726f04fc79e5,0xa713bdfde1fddc641625f0284660c63723a9147d6d86a2becc873ae4107fcc28,0x000000000000000000000000e4398a848ef6f06d500e40f9e2042dcec426959c
0xd38f0f97c738711d4281bfd7452ba36bcf308862f3f1a42430a1726f04fc79e5,0xab4e7c7b548aa678a7ce65fe8a6bb8843d8285353a7ff57d364918282b2eb22d,0x000000000000000000000000b72dbd73896a2f21a3cd411c5e48ed7b85998b97
0xd38f0f97c738711d4281bfd7452ba36bcf308862f3f1a42430a1726f04fc79e5,0xac8e728158b186eea5c80bb104252a566a26030b130a99099e6b95b72f5e703e,0x00000000000000000000000023e836368ed85e5df7a20b5d1a612c99bcf059db
0xd38f0f97c738711d4281bfd7452ba36bcf308862f3f1a42430a1726f04fc79e5,0xad9dde667637e023f1ffee9137c14ca72fd0a457bea73c3e79e176283357a6c3,0x000000000000000000000000e1e12f126331db5f43093ac7ba7873c2613924d7
0xd38f0f97c738711d4281bfd7452ba36bcf308862f3f1a42430a1726f04fc79e5,0xb18292d7560ea4eb80cbe5b181a346548d6d0a2909c29f7a927459f81c209c27,0x0000000000000000000000003f5a54a5cffa06578657fb4ab9bd143caf1695b5
0xd38f0f97c738711d4281bfd7452ba36bcf308862f3f1a42430a1726f04fc79e5,0xc06ce0b524f91f2e2f5bdfe5654ca246c7f06b893a0afcdc2647287af63a4891,0x0000000000000000000000002f5ca4258aeb5c990ba4ac22061746508d644adf
0xd38f0f97c738711d4281bfd7452ba36bcf308862f3f1a42430a1726f04fc79e5,0xc3a4f9c0cd86a77a5f703bc4c9de9055aca230e85714684c3c974483c02b2238,0x0000000000000000000000006ab048f372127cbe73808a428ee9479b2bf775a4
0xd38f0f97c738711d4281bfd7452ba36bcf308862f3f1a42430a1726f04fc79e5,0xc612924e9d43860c38e1b79881d3d6b2fbf66e000a9d5170db882dc3f048dd6f,0x00000000000000000000000085e67804f51c9d2ba24f257c346f1b052da1700c
0xd38f0f97c738711d4281bfd7452ba36bcf308862f3f1a42430a1726f04fc79e5,0xcb597e9f5a977b393256a78f10901ff1c47d61d9edca5c808980ac693ea31f47,0x0000000000000000000000006d343059ee8c25388f20fedda364d0849683c4e3
0xd38f0f97c738711d4281bfd7452ba36bcf308862f3f1a42430a1726f04fc79e5,0xd5e53785c165477c539685fcd61d924554c4ed0c432018a541ba589bf03b722c,0x00000000000000000000000044af315fce987352a95982094cf6befce5994773
0xd38f0f97c738711d4281bfd7452ba36bcf308862f3f1a42430a1726f04fc79e5,0xd643885b0b8ec848ddc75ccca21d9b19a0ea315df098643d93fcfb08df94e0e4,0x00000000000000000000000074b8266d1f4ac4b7f140f090d8e4a8a22cb03b61
0xd38f0f97c738711d4281bfd7452ba36bcf308862f3f1a42430a1726f04fc79e5,0xdfc06ca3b931c1566d74fbdc8d275a45d1e7ea6f229967aaaf5f1e368db69857,0x000000000000000000000000778d04ec165d15bcd350593af3661fb032cfabfd
0xd38f0f97c738711d4281bfd7452ba36bcf308862f3f1a42430a1726f04fc79e5,0xe88c6d20e10af62aabb42c56ecad3aa0e9a8ce42bb84e4e634e80a0ca98bd48c,0x000000000000000000000000b87e73ad25086c43a16fe5f9589ff265f8a3a9eb
0xd38f0f97c738711d4281bfd7452ba36bcf308862f3f1a42430a1726f04fc79e5,0xe958b1698ca24cdf3ea1a081da7afd720425a66f391c751cdcaef53e8c3ea28e,0x000000000000000000000000c48b889ba1f6352cee96c791962e7dbcadd99462
0xd38f0f97c738711d4281bfd7452ba36bcf308862f3f1a42430a1726f04fc79e5,0xec9349b2d1f3b520cce5be4c4f353e6b622db15540dc83eed830b413dc55927a,0x00000000000000000000000093811dabfbee9736035025cba91491d7747cfd47
0xd38f0f97c738711d4281bfd7452ba36bcf308862f3f1a42430a1726f04fc79e5,0xee6bf41ecf3d1117d935e6d38054b20e46bbeffdcc6701d0ef5612c3d354c285,0x0000000000000000000000003084ce91439a2cecbfe00bcc63c31ed156118244
0xd38f0f97c738711d4281bfd7452ba36bcf308862f3f1a42430a1726f04fc79e5,0xefc49ea8fa0c3f8b61aa2780c4aca2f84d0e03f7aef803a4e66d26bef7d316f4,0x0000000000000000000000000b22380b7c423470979ac3ed7d3c07696773dea1
0xd38f0f97c738711d4281bfd7452ba36bcf308862f3f1a42430a1726f04fc79e5,0xf09b457c15826396efb730bf67656e5debac76c904fafa6861ed5765cea4df44,0x00000000000000000000000054225151eba3065f0a5c8220c87214209e2853b7
0xd38f0f97c738711d4281bfd7452ba36bcf308862f3f1a42430a1726f04fc79e5,0xf663318ddc35066a4fce50745fdf13ef6beedc584e099ec7e0e30372056c7821,0x000000000000000000000000d5aa04039f06a25591b47837f27e8332a2b82f59
0xd38f0f97c738711d4281bfd7452ba36bcf308862f3f1a42430a1726f04fc79e5,0xf743261c03ae27a9210e1ff8807743bfb5c32c7a3af1e7bc3db72a6e4e156084,0x00000000000000000000000072d449e191670f2593f5c77dbf565fd8f710cd68
0xd38f0f97c738711d4281bfd7452ba36bcf308862f3f1a42430a1726f04fc79e5,0xf9d60a60d444c662e4ceb1c3c3dacd45acffbadf11c78d541f05aa02d7a26988,0x00000000000000000000000058eb6efeedc431a040193f37fb717f2470a35e32
0xd38f0f97c738711d4281bfd7452ba36bcf308862f3f1a42430a1726f04fc79e5,0xfcaa24fe6252d89e13cef513596e021139936276b0e29dc5d2180e3b432f77b3,0x0000000000000000000000008f8dbb2e544acfc9976b32cd5ba4b68d0029def8
0xd38f0f97c738711d4281bfd7452ba36bcf308862f3f1a42430a1726f04fc79e5,0xfcafd4ef16b4e3a49096bb84a94dadd831ec207e003fdfd3e310c5e89ccf9c68,0x0000000000000000000000004b8a1d34df11ba54295c262e2321038883246423
0xd38f0f97c738711d4281bfd7452ba36bcf308862f3f1a42430a1726f04fc79e5,0xfd0f0a9f6943052f202072825110d2e71fe4569f7a80872d4befddcab68faab6,0x0000000000000000000000000308bba41f27dda85c4fe84f991c4f087e3f1ba4
0xd38f0f97c738711d4281bfd7452ba36bcf308862f3f1a42430a1726f04fc79e5,0xfd91b674668e771a29edc7bd49406822c49336f642d316b2b9ba0c0ff145fb18,0x000000000000000000000000d270554025d7e33f30ac1ec045eec1b235d10d38
0xd38f0f97c738711d4281bfd7452ba36bcf308862f3f1a42430a1726f04fc79e5,0xff16ae4ab045fa624713a43660b6bdae39bba47f8c8f4bb3e9b973a8c1095d7d,0x000000000000000000000000575fda4cedc5c850e542fd2f2276c87de36e7d14