0x6a88abb50d289d9bfd8495ba9eb9216eb4abd95271a11601b11eff7b310dbc2c,0x0000000000000000000000000000000000000000000000000000000000000006,0x54696e6c616b652050726f78792041636365737320546f6b656e000000000034
0x6a88abb50d289d9bfd8495ba9eb9216eb4abd95271a11601b11eff7b310dbc2c,0x0000000000000000000000000000000000000000000000000000000000000007,0x5441415400000000000000000000000000000000000000000000000000000008
0x6a88abb50d289d9bfd8495ba9eb9216eb4abd95271a11601b11eff7b310dbc2c,0x0000000000000000000000000000000000000000000000000000000000000009,0x0000000000000000000000000000000000000000000000000000000000000001
0x6a88abb50d289d9bfd8495ba9eb9216eb4abd95271a11601b11eff7b310dbc2c,0x000000000000000000000000000000000000000000000000000000000000000b,0xc77aef8164df565061a5f11d91e86eae8b2a15f7968412601b9d6e2bd90ce853
0x6a88abb50d289d9bfd8495ba9eb9216eb4abd95271a11601b11eff7b310dbc2c,0x000000000000000000000000000000000000000000000000000000000000000c,0x0000000000000000000000000000000000000000000000000000000000001585
0x6a88abb50d289d9bfd8495ba9eb9216eb4abd95271a11601b11eff7b310dbc2c,0x69704d1e7de95131630ab78120a9e2118406060172479b54301d20e11198107f,0x0000000000000000000000000000000000000000000000000000000000000001
0x6a88abb50d289d9bfd8495ba9eb9216eb4abd95271a11601b11eff7b310dbc2c,0xb45820386466a8e01597d6e1efaf8f11ba4467972de5ca6c1f8aa3544ac2888e,0x0000000000000000000000000000000000000000000000000000000000000001
0x6a88abb50d289d9bfd8495ba9eb9216eb4abd95271a11601b11eff7b310dbc2c,0xb8349d7b7b0b2b924bf96f90971cda8c7ac1ea4cde292a182bd2a203eef6c5d0,0x0000000000000000000000000000000000000000000000000000000000000001
0x6a88abb50d289d9bfd8495ba9eb9216eb4abd95271a11601b11eff7b310dbc2c,0xce9309d5fe1c6050fdfde39d28ca0616e34393306d1cba1a247c40f9ef5c5d09,0x0000000000000000000000000000000000000000000000000000000000000001
0x6a88abb50d289d9bfd8495ba9eb9216eb4abd95271a11601b11eff7b310dbc2c,0xdf6966c971051c3d54ec59162606531493a51404a002842f56009d7e5cf4a8c7,0x608060405234801561001057600080fd5b5033806000806101000a81548173ff
0x6a88abb50d289d9bfd8495ba9eb9216eb4abd95271a11601b11eff7b310dbc2c,0xdf6966c971051c3d54ec59162606531493a51404a002842f56009d7e5cf4a8c8,0xffffffffffffffffffffffffffffffffffffff021916908373ffffffffffffff
0x6a88abb50d289d9bfd8495ba9eb9216eb4abd95271a11601b11eff7b310dbc2c,0xdf6966c971051c3d54ec59162606531493a51404a002842f56009d7e5cf4a8c9,0xffffffffffffffffffffffffff1602179055505033600260006101000a815481
0x6a88abb50d289d9bfd8495ba9eb9216eb4abd95271a11601b11eff7b310dbc2c,0xdf6966c971051c3d54ec59162606531493a51404a002842f56009d7e5cf4a8ca,0x73ffffffffffffffffffffffffffffffffffffffff021916908373ffffffffff
0x6a88abb50d289d9bfd8495ba9eb9216eb4abd95271a11601b11eff7b310dbc2c,0xdf6966c971051c3d54ec59162606531493a51404a002842f56009d7e5cf4a8cb,0xffffffffffffffffffffffffffffff160217905550610a1f806100a360003960
0x6a88abb50d289d9bfd8495ba9eb9216eb4abd95271a11601b11eff7b310dbc2c,0xdf6966c971051c3d54ec59162606531493a51404a002842f56009d7e5cf4a8cc,0x00f3fe60806040526004361061004a5760003560e01c80631cff79cd1461004c
0x6a88abb50d289d9bfd8495ba9eb9216eb4abd95271a11601b11eff7b310dbc2c,0xdf6966c971051c3d54ec59162606531493a51404a002842f56009d7e5cf4a8cd,0x5780637b103999146101a0578063b7b0422d146101f7578063e243c5fb146102
0x6a88abb50d289d9bfd8495ba9eb9216eb4abd95271a11601b11eff7b310dbc2c,0xdf6966c971051c3d54ec59162606531493a51404a002842f56009d7e5cf4a8ce,0x32578063fe7741b51461025d575b005b61012560048036036040811015610062
0x6a88abb50d289d9bfd8495ba9eb9216eb4abd95271a11601b11eff7b310dbc2c,0xdf6966c971051c3d54ec59162606531493a51404a002842f56009d7e5cf4a8cf,0x57600080fd5b81019080803573ffffffffffffffffffffffffffffffffffffff
0x6a88abb50d289d9bfd8495ba9eb9216eb4abd95271a11601b11eff7b310dbc2c,0xdf6966c971051c3d54ec59162606531493a51404a002842f56009d7e5cf4a8d0,0xff1690602001909291908035906020019064010000000081111561009f576000
0x6a88abb50d289d9bfd8495ba9eb9216eb4abd95271a11601b11eff7b310dbc2c,0xdf6966c971051c3d54ec59162606531493a51404a002842f56009d7e5cf4a8d1,0x80fd5b8201836020820111156100b157600080fd5b8035906020019184600183
0x6a88abb50d289d9bfd8495ba9eb9216eb4abd95271a11601b11eff7b310dbc2c,0xdf6966c971051c3d54ec59162606531493a51404a002842f56009d7e5cf4a8d2,0x02840111640100000000831117156100d357600080fd5b91908080601f016020
0x6a88abb50d289d9bfd8495ba9eb9216eb4abd95271a11601b11eff7b310dbc2c,0xdf6966c971051c3d54ec59162606531493a51404a002842f56009d7e5cf4a8d3,0x8091040260200160405190810160405280939291908181526020018383808284
0x6a88abb50d289d9bfd8495ba9eb9216eb4abd95271a11601b11eff7b310dbc2c,0xdf6966c971051c3d54ec59162606531493a51404a002842f56009d7e5cf4a8d4,0x37600081840152601f19601f8201169050808301925050505050505091929192
0x6a88abb50d289d9bfd8495ba9eb9216eb4abd95271a11601b11eff7b310dbc2c,0xdf6966c971051c3d54ec59162606531493a51404a002842f56009d7e5cf4a8d5,0x9050505061045b565b6040518080602001828103825283818151815260200191
0x6a88abb50d289d9bfd8495ba9eb9216eb4abd95271a11601b11eff7b310dbc2c,0xdf6966c971051c3d54ec59162606531493a51404a002842f56009d7e5cf4a8d6,0x508051906020019080838360005b838110156101655780820151818401526020
0x6a88abb50d289d9bfd8495ba9eb9216eb4abd95271a11601b11eff7b310dbc2c,0xdf6966c971051c3d54ec59162606531493a51404a002842f56009d7e5cf4a8d7,0x8101905061014a565b50505050905090810190601f1680156101925780820380
0x6a88abb50d289d9bfd8495ba9eb9216eb4abd95271a11601b11eff7b310dbc2c,0xdf6966c971051c3d54ec59162606531493a51404a002842f56009d7e5cf4a8d8,0x516001836020036101000a031916815260200191505b50925050506040518091
0x6a88abb50d289d9bfd8495ba9eb9216eb4abd95271a11601b11eff7b310dbc2c,0xdf6966c971051c3d54ec59162606531493a51404a002842f56009d7e5cf4a8d9,0x0390f35b3480156101ac57600080fd5b506101b561061d565b604051808273ff
0x6a88abb50d289d9bfd8495ba9eb9216eb4abd95271a11601b11eff7b310dbc2c,0xdf6966c971051c3d54ec59162606531493a51404a002842f56009d7e5cf4a8da,0xffffffffffffffffffffffffffffffffffffff1673ffffffffffffffffffffff
0x6a88abb50d289d9bfd8495ba9eb9216eb4abd95271a11601b11eff7b310dbc2c,0xdf6966c971051c3d54ec59162606531493a51404a002842f56009d7e5cf4a8db,0xffffffffffffffffff16815260200191505060405180910390f35b3480156102
0x6a88abb50d289d9bfd8495ba9eb9216eb4abd95271a11601b11eff7b310dbc2c,0xdf6966c971051c3d54ec59162606531493a51404a002842f56009d7e5cf4a8dc,0x0357600080fd5b506102306004803603602081101561021a57600080fd5b8101
0x6a88abb50d289d9bfd8495ba9eb9216eb4abd95271a11601b11eff7b310dbc2c,0xdf6966c971051c3d54ec59162606531493a51404a002842f56009d7e5cf4a8dd,0x908080359060200190929190505050610643565b005b34801561023e57600080
0x6a88abb50d289d9bfd8495ba9eb9216eb4abd95271a11601b11eff7b310dbc2c,0xdf6966c971051c3d54ec59162606531493a51404a002842f56009d7e5cf4a8de,0xfd5b5061024761065c565b6040518082815260200191505060405180910390f3
0x6a88abb50d289d9bfd8495ba9eb9216eb4abd95271a11601b11eff7b310dbc2c,0xdf6966c971051c3d54ec59162606531493a51404a002842f56009d7e5cf4a8df,0x5b6103ad6004803603604081101561027357600080fd5b810190808035906020
0x6a88abb50d289d9bfd8495ba9eb9216eb4abd95271a11601b11eff7b310dbc2c,0xdf6966c971051c3d54ec59162606531493a51404a002842f56009d7e5cf4a8e0,0x019064010000000081111561029057600080fd5b8201836020820111156102a2
0x6a88abb50d289d9bfd8495ba9eb9216eb4abd95271a11601b11eff7b310dbc2c,0xdf6966c971051c3d54ec59162606531493a51404a002842f56009d7e5cf4a8e1,0x57600080fd5b8035906020019184600183028401116401000000008311171561
0x6a88abb50d289d9bfd8495ba9eb9216eb4abd95271a11601b11eff7b310dbc2c,0xdf6966c971051c3d54ec59162606531493a51404a002842f56009d7e5cf4a8e2,0x02c457600080fd5b91908080601f016020809104026020016040519081016040
0x6a88abb50d289d9bfd8495ba9eb9216eb4abd95271a11601b11eff7b310dbc2c,0xdf6966c971051c3d54ec59162606531493a51404a002842f56009d7e5cf4a8e3,0x528093929190818152602001838380828437600081840152601f19601f820116
0x6a88abb50d289d9bfd8495ba9eb9216eb4abd95271a11601b11eff7b310dbc2c,0xdf6966c971051c3d54ec59162606531493a51404a002842f56009d7e5cf4a8e4,0x9050808301925050505050505091929192908035906020019064010000000081
0x6a88abb50d289d9bfd8495ba9eb9216eb4abd95271a11601b11eff7b310dbc2c,0xdf6966c971051c3d54ec59162606531493a51404a002842f56009d7e5cf4a8e5,0x111561032757600080fd5b82018360208201111561033957600080fd5b803590
0x6a88abb50d289d9bfd8495ba9eb9216eb4abd95271a11601b11eff7b310dbc2c,0xdf6966c971051c3d54ec59162606531493a51404a002842f56009d7e5cf4a8e6,0x6020019184600183028401116401000000008311171561035b57600080fd5b91
0x6a88abb50d289d9bfd8495ba9eb9216eb4abd95271a11601b11eff7b310dbc2c,0xdf6966c971051c3d54ec59162606531493a51404a002842f56009d7e5cf4a8e7,0x908080601f016020809104026020016040519081016040528093929190818152
0x6a88abb50d289d9bfd8495ba9eb9216eb4abd95271a11601b11eff7b310dbc2c,0xdf6966c971051c3d54ec59162606531493a51404a002842f56009d7e5cf4a8e8,0x602001838380828437600081840152601f19601f820116905080830192505050
0x6a88abb50d289d9bfd8495ba9eb9216eb4abd95271a11601b11eff7b310dbc2c,0xdf6966c971051c3d54ec59162606531493a51404a002842f56009d7e5cf4a8e9,0x505050509192919290505050610662565b604051808373ffffffffffffffffff
0x6a88abb50d289d9bfd8495ba9eb9216eb4abd95271a11601b11eff7b310dbc2c,0xdf6966c971051c3d54ec59162606531493a51404a002842f56009d7e5cf4a8ea,0xffffffffffffffffffffff1673ffffffffffffffffffffffffffffffffffffff
0x6a88abb50d289d9bfd8495ba9eb9216eb4abd95271a11601b11eff7b310dbc2c,0xdf6966c971051c3d54ec59162606531493a51404a002842f56009d7e5cf4a8eb,0xff16815260200180602001828103825283818151815260200191508051906020
0x6a88abb50d289d9bfd8495ba9eb9216eb4abd95271a11601b11eff7b310dbc2c,0xdf6966c971051c3d54ec59162606531493a51404a002842f56009d7e5cf4a8ec,0x019080838360005b8381101561041f5780820151818401526020810190506104
0x6a88abb50d289d9bfd8495ba9eb9216eb4abd95271a11601b11eff7b310dbc2c,0xdf6966c971051c3d54ec59162606531493a51404a002842f56009d7e5cf4a8ed,0x04565b50505050905090810190601f16801561044c5780820380516001836020
0x6a88abb50d289d9bfd8495ba9eb9216eb4abd95271a11601b11eff7b310dbc2c,0xdf6966c971051c3d54ec59162606531493a51404a002842f56009d7e5cf4a8ee,0x036101000a031916815260200191505b50935050505060405180910390f35b60
0x6a88abb50d289d9bfd8495ba9eb9216eb4abd95271a11601b11eff7b310dbc2c,0xdf6966c971051c3d54ec59162606531493a51404a002842f56009d7e5cf4a8ef,0x606001543373ffffffffffffffffffffffffffffffffffffffff166000809054
0x6a88abb50d289d9bfd8495ba9eb9216eb4abd95271a11601b11eff7b310dbc2c,0xdf6966c971051c3d54ec59162606531493a51404a002842f56009d7e5cf4a8f0,0x906101000a900473ffffffffffffffffffffffffffffffffffffffff1673ffff
0x6a88abb50d289d9bfd8495ba9eb9216eb4abd95271a11601b11eff7b310dbc2c,0xdf6966c971051c3d54ec59162606531493a51404a002842f56009d7e5cf4a8f1,0xffffffffffffffffffffffffffffffffffff16636352211e836040518263ffff
0x6a88abb50d289d9bfd8495ba9eb9216eb4abd95271a11601b11eff7b310dbc2c,0xdf6966c971051c3d54ec59162606531493a51404a002842f56009d7e5cf4a8f2,0xffff1660e01b8152600401808281526020019150506020604051808303816000
0x6a88abb50d289d9bfd8495ba9eb9216eb4abd95271a11601b11eff7b310dbc2c,0xdf6966c971051c3d54ec59162606531493a51404a002842f56009d7e5cf4a8f3,0x87803b1580156104eb57600080fd5b505af11580156104ff573d6000803e3d60
0x6a88abb50d289d9bfd8495ba9eb9216eb4abd95271a11601b11eff7b310dbc2c,0xdf6966c971051c3d54ec59162606531493a51404a002842f56009d7e5cf4a8f4,0x00fd5b505050506040513d602081101561051557600080fd5b81019080805190
0x6a88abb50d289d9bfd8495ba9eb9216eb4abd95271a11601b11eff7b310dbc2c,0xdf6966c971051c3d54ec59162606531493a51404a002842f56009d7e5cf4a8f5,0x6020019092919050505073ffffffffffffffffffffffffffffffffffffffff16
0x6a88abb50d289d9bfd8495ba9eb9216eb4abd95271a11601b11eff7b310dbc2c,0xdf6966c971051c3d54ec59162606531493a51404a002842f56009d7e5cf4a8f6,0x1461054657600080fd5b600073ffffffffffffffffffffffffffffffffffffff
0x6a88abb50d289d9bfd8495ba9eb9216eb4abd95271a11601b11eff7b310dbc2c,0xdf6966c971051c3d54ec59162606531493a51404a002842f56009d7e5cf4a8f7,0xff168473ffffffffffffffffffffffffffffffffffffffff1614156105cc5760
0x6a88abb50d289d9bfd8495ba9eb9216eb4abd95271a11601b11eff7b310dbc2c,0xdf6966c971051c3d54ec59162606531493a51404a002842f56009d7e5cf4a8f8,0x40517f08c379a000000000000000000000000000000000000000000000000000
0x6a88abb50d289d9bfd8495ba9eb9216eb4abd95271a11601b11eff7b310dbc2c,0xdf6966c971051c3d54ec59162606531493a51404a002842f56009d7e5cf4a8f9,0x00000081526004018080602001828103825260258152602001806109c6602591
0x6a88abb50d289d9bfd8495ba9eb9216eb4abd95271a11601b11eff7b310dbc2c,0xdf6966c971051c3d54ec59162606531493a51404a002842f56009d7e5cf4a8fa,0x3960400191505060405180910390fd5b600080845160208601876113885a03f4
0x6a88abb50d289d9bfd8495ba9eb9216eb4abd95271a11601b11eff7b310dbc2c,0xdf6966c971051c3d54ec59162606531493a51404a002842f56009d7e5cf4a8fb,0x3d6040519350601f19601f602083010116840160405280845280600060208601
0x6a88abb50d289d9bfd8495ba9eb9216eb4abd95271a11601b11eff7b310dbc2c,0xdf6966c971051c3d54ec59162606531493a51404a002842f56009d7e5cf4a8fc,0x3e81156001811461060c57610613565b8160208601fd5b505050509291505056
0x6a88abb50d289d9bfd8495ba9eb9216eb4abd95271a11601b11eff7b310dbc2c,0xdf6966c971051c3d54ec59162606531493a51404a002842f56009d7e5cf4a8fd,0x5b600260009054906101000a900473ffffffffffffffffffffffffffffffffff
0x6a88abb50d289d9bfd8495ba9eb9216eb4abd95271a11601b11eff7b310dbc2c,0xdf6966c971051c3d54ec59162606531493a51404a002842f56009d7e5cf4a8fe,0xffffff1681565b60006001541461065257600080fd5b8060018190555050565b
0x6a88abb50d289d9bfd8495ba9eb9216eb4abd95271a11601b11eff7b310dbc2c,0xdf6966c971051c3d54ec59162606531493a51404a002842f56009d7e5cf4a8ff,0x60015481565b600060606001543373ffffffffffffffffffffffffffffffffff
0x6a88abb50d289d9bfd8495ba9eb9216eb4abd95271a11601b11eff7b310dbc2c,0xdf6966c971051c3d54ec59162606531493a51404a002842f56009d7e5cf4a900,0xffffff166000809054906101000a900473ffffffffffffffffffffffffffffff
0x6a88abb50d289d9bfd8495ba9eb9216eb4abd95271a11601b11eff7b310dbc2c,0xdf6966c971051c3d54ec59162606531493a51404a002842f56009d7e5cf4a901,0xffffffffff1673ffffffffffffffffffffffffffffffffffffffff1663635221
0x6a88abb50d289d9bfd8495ba9eb9216eb4abd95271a11601b11eff7b310dbc2c,0xdf6966c971051c3d54ec59162606531493a51404a002842f56009d7e5cf4a902,0x1e836040518263ffffffff1660e01b8152600401808281526020019150506020
0x6a88abb50d289d9bfd8495ba9eb9216eb4abd95271a11601b11eff7b310dbc2c,0xdf6966c971051c3d54ec59162606531493a51404a002842f56009d7e5cf4a903,0x60405180830381600087803b1580156106f457600080fd5b505af11580156107
0x6a88abb50d289d9bfd8495ba9eb9216eb4abd95271a11601b11eff7b310dbc2c,0xdf6966c971051c3d54ec59162606531493a51404a002842f56009d7e5cf4a904,0x08573d6000803e3d6000fd5b505050506040513d602081101561071e57600080
0x6a88abb50d289d9bfd8495ba9eb9216eb4abd95271a11601b11eff7b310dbc2c,0xdf6966c971051c3d54ec59162606531493a51404a002842f56009d7e5cf4a905,0xfd5b810190808051906020019092919050505073ffffffffffffffffffffffff
0x6a88abb50d289d9bfd8495ba9eb9216eb4abd95271a11601b11eff7b310dbc2c,0xdf6966c971051c3d54ec59162606531493a51404a002842f56009d7e5cf4a906,0xffffffffffffffff161461074f57600080fd5b600260009054906101000a9004
0x6a88abb50d289d9bfd8495ba9eb9216eb4abd95271a11601b11eff7b310dbc2c,0xdf6966c971051c3d54ec59162606531493a51404a002842f56009d7e5cf4a907,0x73ffffffffffffffffffffffffffffffffffffffff1673ffffffffffffffffff
0x6a88abb50d289d9bfd8495ba9eb9216eb4abd95271a11601b11eff7b310dbc2c,0xdf6966c971051c3d54ec59162606531493a51404a002842f56009d7e5cf4a908,0xffffffffffffffffffffff1663dc16e222866040518263ffffffff1660e01b81
0x6a88abb50d289d9bfd8495ba9eb9216eb4abd95271a11601b11eff7b310dbc2c,0xdf6966c971051c3d54ec59162606531493a51404a002842f56009d7e5cf4a909,0x5260040180806020018281038252838181518152602001915080519060200190
0x6a88abb50d289d9bfd8495ba9eb9216eb4abd95271a11601b11eff7b310dbc2c,0xdf6966c971051c3d54ec59162606531493a51404a002842f56009d7e5cf4a90a,0x80838360005b838110156107dd5780820151818401526020810190506107c256
0x6a88abb50d289d9bfd8495ba9eb9216eb4abd95271a11601b11eff7b310dbc2c,0xdf6966c971051c3d54ec59162606531493a51404a002842f56009d7e5cf4a90b,0x5b50505050905090810190601f16801561080a57808203805160018360200361
0x6a88abb50d289d9bfd8495ba9eb9216eb4abd95271a11601b11eff7b310dbc2c,0xdf6966c971051c3d54ec59162606531493a51404a002842f56009d7e5cf4a90c,0x01000a031916815260200191505b509250505060206040518083038186803b15
0x6a88abb50d289d9bfd8495ba9eb9216eb4abd95271a11601b11eff7b310dbc2c,0xdf6966c971051c3d54ec59162606531493a51404a002842f56009d7e5cf4a90d,0x801561082757600080fd5b505afa15801561083b573d6000803e3d6000fd5b50
0x6a88abb50d289d9bfd8495ba9eb9216eb4abd95271a11601b11eff7b310dbc2c,0xdf6966c971051c3d54ec59162606531493a51404a002842f56009d7e5cf4a90e,0x5050506040513d602081101561085157600080fd5b8101908080519060200190
0x6a88abb50d289d9bfd8495ba9eb9216eb4abd95271a11601b11eff7b310dbc2c,0xdf6966c971051c3d54ec59162606531493a51404a002842f56009d7e5cf4a90f,0x9291905050509250600073ffffffffffffffffffffffffffffffffffffffff16
0x6a88abb50d289d9bfd8495ba9eb9216eb4abd95271a11601b11eff7b310dbc2c,0xdf6966c971051c3d54ec59162606531493a51404a002842f56009d7e5cf4a910,0x8373ffffffffffffffffffffffffffffffffffffffff1614156109b157600260
0x6a88abb50d289d9bfd8495ba9eb9216eb4abd95271a11601b11eff7b310dbc2c,0xdf6966c971051c3d54ec59162606531493a51404a002842f56009d7e5cf4a911,0x009054906101000a900473ffffffffffffffffffffffffffffffffffffffff16
0x6a88abb50d289d9bfd8495ba9eb9216eb4abd95271a11601b11eff7b310dbc2c,0xdf6966c971051c3d54ec59162606531493a51404a002842f56009d7e5cf4a912,0x73ffffffffffffffffffffffffffffffffffffffff16636e7dfa718660405182
0x6a88abb50d289d9bfd8495ba9eb9216eb4abd95271a11601b11eff7b310dbc2c,0xdf6966c971051c3d54ec59162606531493a51404a002842f56009d7e5cf4a913,0x63ffffffff1660e01b8152600401808060200182810382528381815181526020
0x6a88abb50d289d9bfd8495ba9eb9216eb4abd95271a11601b11eff7b310dbc2c,0xdf6966c971051c3d54ec59162606531493a51404a002842f56009d7e5cf4a914,0x0191508051906020019080838360005b83811015610927578082015181840152
0x6a88abb50d289d9bfd8495ba9eb9216eb4abd95271a11601b11eff7b310dbc2c,0xdf6966c971051c3d54ec59162606531493a51404a002842f56009d7e5cf4a915,0x60208101905061090c565b50505050905090810190601f168015610954578082
0x6a88abb50d289d9bfd8495ba9eb9216eb4abd95271a11601b11eff7b310dbc2c,0xdf6966c971051c3d54ec59162606531493a51404a002842f56009d7e5cf4a916,0x0380516001836020036101000a031916815260200191505b5092505050602060
0x6a88abb50d289d9bfd8495ba9eb9216eb4abd95271a11601b11eff7b310dbc2c,0xdf6966c971051c3d54ec59162606531493a51404a002842f56009d7e5cf4a917,0x405180830381600087803b15801561097357600080fd5b505af1158015610987
0x6a88abb50d289d9bfd8495ba9eb9216eb4abd95271a11601b11eff7b310dbc2c,0xdf6966c971051c3d54ec59162606531493a51404a002842f56009d7e5cf4a918,0x573d6000803e3d6000fd5b505050506040513d602081101561099d57600080fd
0x6a88abb50d289d9bfd8495ba9eb9216eb4abd95271a11601b11eff7b310dbc2c,0xdf6966c971051c3d54ec59162606531493a51404a002842f56009d7e5cf4a919,0x5b810190808051906020019092919050505092505b6109bb838561045b565b91
0x6a88abb50d289d9bfd8495ba9eb9216eb4abd95271a11601b11eff7b310dbc2c,0xdf6966c971051c3d54ec59162606531493a51404a002842f56009d7e5cf4a91a,0x5050925092905056fe74696e6c616b652f70726f78792d7461726765742d6164
0x6a88abb50d289d9bfd8495ba9eb9216eb4abd95271a11601b11eff7b310dbc2c,0xdf6966c971051c3d54ec59162606531493a51404a002842f56009d7e5cf4a91b,0x64726573732d7265717569726564a265627a7a723158205c54131dcd9d21b0ea
0x6a88abb50d289d9bfd8495ba9eb9216eb4abd95271a11601b11eff7b310dbc2c,0xdf6966c971051c3d54ec59162606531493a51404a002842f56009d7e5cf4a91c,0x71d05525ade2ef42a120403ca89975019899f06d7748bb64736f6c634300050d
0x6a88abb50d289d9bfd8495ba9eb9216eb4abd95271a11601b11eff7b310dbc2c,0xdf6966c971051c3d54ec59162606531493a51404a002842f56009d7e5cf4a91d,0x0032000000000000000000000000000000000000000000000000000000000000
0x4731f00849a9fa2e6ca59c23ccad9b179f3befa77538b556da710b4f66bb8ad0,0x0000000000000000000000000000000000000000000000000000000000000009,0x0000000000000000000000000000000000000000000000000000000000000002
0x4731f00849a9fa2e6ca59c23ccad9b179f3befa77538b556da710b4f66bb8ad0,0x3444296929e99954aef50d1f56b35500ab9eef152abdc6ba56e93d7d002eaec7,0x0000000000000000000000000000000000000000000000000000000000000001
0x4731f00849a9fa2e6ca59c23ccad9b179f3befa77538b556da710b4f66bb8ad0,0xe90b7bceb6e7df5418fb78d8ee546e97c83a08bbccc01a0644d599ccd2a7c2e0,0x000000000000000000000000ecbc957180ea7c832e54e3203cc9f38c46bc3e4a
0x97ac0903583146ab078c65ac1e1e92f5bdb2670929d2ee215279fc205b7bedf0,0x0000000000000000000000000000000000000000000000000000000000000009,0x0000000000000000000000000000000000000000000000000000000000000003
0x97ac0903583146ab078c65ac1e1e92f5bdb2670929d2ee215279fc205b7bedf0,0x4027dd9f4aaa38f97c3875f2f713f567751e4cdf8275a2a03a39ef88834874a7,0x0000000000000000000000000000000000000000000000000000000000000001
0x97ac0903583146ab078c65ac1e1e92f5bdb2670929d2ee215279fc205b7bedf0,0x679795a0195a1b76cdebb7c51d74e058aee92919b8c3389af86ef24535e8a28c,0x000000000000000000000000790c2c860ddc993f3da92b19cb440cf8338c59a6
0xc175369dcc1b73120a35caf17af855b18081101f2c4f7d2a669b43c9353064f3,0x0000000000000000000000000000000000000000000000000000000000000009,0x0000000000000000000000000000000000000000000000000000000000000004
0xc175369dcc1b73120a35caf17af855b18081101f2c4f7d2a669b43c9353064f3,0x88601476d11616a71c5be67555bd1dff4b1cbf21533d2669b768b61518cfe1c3,0x00000000000000000000000095d2d5cf18dda4fbc7cf648168f64765564807ff
0xc175369dcc1b73120a35caf17af855b18081101f2c4f7d2a669b43c9353064f3,0xa398da0f96a788c2cb4345e2f9a3aa21007dd86713f75dd597f2965de3f43a10,0x0000000000000000000000000000000000000000000000000000000000000001
0x36a6e2c22c46c0b84914a9aa758ab139e13fdc540169c9aab85cbe83af4b753a,0x0000000000000000000000000000000000000000000000000000000000000009,0x0000000000000000000000000000000000000000000000000000000000000005
0x36a6e2c22c46c0b84914a9aa758ab139e13fdc540169c9aab85cbe83af4b753a,0x3a19dadf4f9bf5c7db1390044b3cfef5525d427dacddfcf26fc1ea14142dfd51,0x0000000000000000000000000000000000000000000000000000000000000001
0x36a6e2c22c46c0b84914a9aa758ab139e13fdc540169c9aab85cbe83af4b753a,0xee60d0579bcffd98e668647d59fec1ff86a7fb340ce572e844f234ae73a6918f,0x0000000000000000000000002a9e1efbf122de802e9613c58c0a43627782d15f