0xa8f3f1f35bbf9a9ff8ad8af469dcd92a1b6272abbb65aa8c686c89da8193b42a,0x0000000000000000000000000000000000000000000000000000000000000007,0x0000000000000000000000000000000000000000000000000000000000000004
0xa8f3f1f35bbf9a9ff8ad8af469dcd92a1b6272abbb65aa8c686c89da8193b42a,0x0730f2be1f81e4a1b3ba7a28c1a29161776de5fe503333dceb7ea95f42b9edd8,0x0000000000000000000000000000000000000000000000000000000000000003
0xa8f3f1f35bbf9a9ff8ad8af469dcd92a1b6272abbb65aa8c686c89da8193b42a,0x24a5ddf4b889fcadcb87dbe2f77ee963f0324691fb089a1966f3a55e7585c776,0xaaaaaaaaaaaaaaaaaaaaaaaaaaaaaaaaaaaaaaaaaaaaaaaaaaaaaaaaaaaaaaab
0xa8f3f1f35bbf9a9ff8ad8af469dcd92a1b6272abbb65aa8c686c89da8193b42a,0x2a32391a76c35a36352b711f9152c0d0a340cd686850c8ef25fbb11c71b89e7b,0x000000000000000000000000c33a064468535b22a9f5d7c70dca80fd64cbdafd
0xa8f3f1f35bbf9a9ff8ad8af469dcd92a1b6272abbb65aa8c686c89da8193b42a,0x2da8946d67c489c400b4d52251bf17275cba0729ac6609087e875ff9cae19645,0x0000000000000000000000000000000000000000000000000000000000000002
0xa8f3f1f35bbf9a9ff8ad8af469dcd92a1b6272abbb65aa8c686c89da8193b42a,0x42e56d4e793c2f84d4337a1e820b93d5f694675358a53493fe3f3d93aaad1e21,0x0000000000000000000000000000000000000000000000000000000000000001
0xa8f3f1f35bbf9a9ff8ad8af469dcd92a1b6272abbb65aa8c686c89da8193b42a,0x586689db7536874b78a6eac0f58556a56a106985743f7c16a699b27bb02f88bd,0x0000000000000000000000000000000000000000000000000000000000000002
0xa8f3f1f35bbf9a9ff8ad8af469dcd92a1b6272abbb65aa8c686c89da8193b42a,0x5a92c9f4c52fc20dd3c69fcc5ea7f3d5f5692102e5a2274f13a3df7b2cf84fc9,0x000000000000000000000000b28ff3bfcc6cd4708859bf31dfcc7756116d9212
0xa8f3f1f35bbf9a9ff8ad8af469dcd92a1b6272abbb65aa8c686c89da8193b42a,0x64cd334cc361abf76ebfa21c38580e634774767fc3acb9572fcbe7b5730774db,0x0000000000000000000000000000000000000000000000000000000000000002
0xa8f3f1f35bbf9a9ff8ad8af469dcd92a1b6272abbb65aa8c686c89da8193b42a,0x67be39731fe9ea5b5b6a249a38b995d8512d82d3d02ac7380a596e55d2f8f71b,0x0000000000000000000000000000000000000000000000000000000000000001
0xa8f3f1f35bbf9a9ff8ad8af469dcd92a1b6272abbb65aa8c686c89da8193b42a,0x67be87c3ff9960ca1e9cfac5cab2ff4747269cf9ed20c9b7306235ac35a491c5,0x0000000000000000000000000000000000000000000000000000000000000001
0xa8f3f1f35bbf9a9ff8ad8af469dcd92a1b6272abbb65aa8c686c89da8193b42a,0x732f7caa46e6a0753f72b71b0fdcc21f5cf1e9390636996e4debdabd2d50e499,0x000000000000000000000000c33a064468535b22a9f5d7c70dca80fd64cbdafd
0xa8f3f1f35bbf9a9ff8ad8af469dcd92a1b6272abbb65aa8c686c89da8193b42a,0x77b7bbe0e49b76487c9476b5db3354cf5270619d0037ccb899c2a4c4a75b4318,0x0000000000000000000000000000000000000000000000000000000000000001
0xa8f3f1f35bbf9a9ff8ad8af469dcd92a1b6272abbb65aa8c686c89da8193b42a,0x7ee623deed16a76c372ce4f751e7b1110ec99200c67b67166a6b62f8b648b774,0x0000000000000000000000000000000000000000000000000000000000000001
0xa8f3f1f35bbf9a9ff8ad8af469dcd92a1b6272abbb65aa8c686c89da8193b42a,0xa17ff6e8d20e0d387a92cf7e6fb88c310b3dcf8ae07cdb8f7d7992854940dcbd,0x0000000000000000000000000000000000000000000000000000000000000002
0xa8f3f1f35bbf9a9ff8ad8af469dcd92a1b6272abbb65aa8c686c89da8193b42a,0xa66cc928b5edb82af9bd49922954155ab7b0942694bea4ce44661d9a8736c689,0xaaaaaaaaaaaaaaaaaaaaaaaaaaaaaaaaaaaaaaaaaaaaaaaaaaaaaaaaaaaaaaab
0xa8f3f1f35bbf9a9ff8ad8af469dcd92a1b6272abbb65aa8c686c89da8193b42a,0xa66cc928b5edb82af9bd49922954155ab7b0942694bea4ce44661d9a8736c68a,0x000000000000000000000000000000000000000000000000000000000000000a
0xa8f3f1f35bbf9a9ff8ad8af469dcd92a1b6272abbb65aa8c686c89da8193b42a,0xa66cc928b5edb82af9bd49922954155ab7b0942694bea4ce44661d9a8736c68b,0xbaaaaaaaaaaaaaaaaaaaaaaaaaaaaaaaaaaaaaaaaaaaaaaaaaaaaaaaaaaaaaab
0xa8f3f1f35bbf9a9ff8ad8af469dcd92a1b6272abbb65aa8c686c89da8193b42a,0xa6eef7e35abe7026729641147f7915573c7e97b47efa546f5f6e3230263bcb49,0x000000000000000000000000b28ff3bfcc6cd4708859bf31dfcc7756116d9212
0xa8f3f1f35bbf9a9ff8ad8af469dcd92a1b6272abbb65aa8c686c89da8193b42a,0xd6d4d9996c6746e28e11514221ebf191c7d3934febe7f7df4faf1a4f942dad5e,0x0000000000000000000000000000000000000000000000000000000000000002
0xa8f3f1f35bbf9a9ff8ad8af469dcd92a1b6272abbb65aa8c686c89da8193b42a,0xf61ca6fb8c02be5f67bd048fc7c0efcb9adb1432ea2d344b2a459c454d18a1c5,0x000000000000000000000000000000000000000000000000000000000000000a
0xa8f3f1f35bbf9a9ff8ad8af469dcd92a1b6272abbb65aa8c686c89da8193b42a,0xf61ca6fb8c02be5f67bd048fc7c0efcb9adb1432ea2d344b2a459c454d18a1c6,0xbaaaaaaaaaaaaaaaaaaaaaaaaaaaaaaaaaaaaaaaaaaaaaaaaaaaaaaaaaaaaaab
0xa8f3f1f35bbf9a9ff8ad8af469dcd92a1b6272abbb65aa8c686c89da8193b42a,0xf7815fccbf112960a73756e185887fedcb9fc64ca0a16cc5923b7960ed780800,0x0000000000000000000000000000000000000000000000000000000000000001